event_id,event_type,injuries_direct,injuries_indirect,deaths_direct,deaths_indirect,damage_property,damage_crops,tor_f_scale,tor_length,tor_width
9985660,tornado,0,0,0,0,30,0,F1,0.5,100
9985661,tornado,0,0,0,0,30,0,F1,3.0,100
9985656,tornado,0,0,0,0,30,0,F1,1.0,100
10047804,tornado,0,0,0,0,250000,0,F3,16.0,100
9978526,tornado,0,0,0,0,250000,0,F1,1.0,100
9978527,tornado,0,0,0,0,250000,0,F1,25.0,100
9978528,tornado,0,0,0,0,30,0,F1,0.2,40
9978529,tornado,0,0,0,0,250000,0,F1,2.0,100
9978532,tornado,0,0,0,0,250000,0,F3,1.5,100
10074684,tornado,0,0,0,0,30,0,F1,0.1,3
10005666,tornado,181,0,10,0,250000000,0,F4,17.0,400
10016807,tornado,0,0,0,0,250000,0,F1,0.0,33
10012943,tornado,0,0,0,0,30,0,F0,0.0,33
10105634,tornado,0,0,0,0,2500000,0,F0,4.0,50
9999763,tornado,0,0,0,0,250000,0,F1,0.3,10
10038541,tornado,3,0,0,0,2500000,0,F2,19.0,300
9990407,tornado,25,0,1,0,25000000,0,F3,14.0,233
10030241,tornado,1,0,0,0,250000,0,F2,4.0,400
9989786,tornado,0,0,0,0,250000,0,F2,15.0,200
10131379,tornado,0,0,0,0,30,0,F0,0.5,50
9978533,tornado,0,0,0,0,2500,0,F1,1.0,50
9978534,tornado,0,0,0,0,25000,0,F1,1.0,77
9978538,tornado,0,0,0,0,250000,0,F3,3.0,200
9978539,tornado,0,0,0,0,250000,0,F3,9.0,200
9978548,tornado,0,0,0,0,250000,0,F1,7.0,200
9978550,tornado,0,0,0,0,250000,0,F1,5.0,200
9989784,tornado,0,0,1,0,2500000,0,F3,12.0,300
10108986,tornado,25,0,0,0,2500000,0,F5,22.0,500
10108988,tornado,0,0,0,0,2500000,0,F3,3.0,233
10108989,tornado,4,0,0,0,2500000,0,F5,7.0,500
10108990,tornado,0,0,0,0,2500000,0,F5,24.0,500
10111932,tornado,0,0,0,0,2500,0,F1,5.0,17
10111933,tornado,0,0,0,0,25000,0,F1,0.1,13
10105170,tornado,7,0,0,0,2500000,0,F2,3.0,100
10105172,tornado,10,0,0,0,250000,0,F1,0.5,50
10082962,tornado,0,0,0,0,30,0,F0,0.3,10
10106788,tornado,0,0,0,0,25000,0,F1,1.5,50
10070729,tornado,0,0,0,0,30,0,F0,0.0,33
10044420,tornado,1,0,0,0,25000,0,F2,3.0,10
10044425,tornado,0,0,0,0,25000,0,F1,12.0,7
10044428,tornado,0,0,0,0,250,0,F1,5.0,50
10108984,tornado,0,0,0,0,25000,0,F2,0.5,10
10108985,tornado,0,0,0,0,250000,0,F3,8.0,100
10109095,tornado,0,0,0,0,25000,0,F1,0.5,20
10109099,tornado,0,0,0,0,2500000,0,F2,5.0,150
10106529,tornado,0,0,0,0,2500000,0,F1,0.5,50
10106534,tornado,0,0,0,0,250000,0,F2,0.5,50
10090061,tornado,0,0,0,0,2500,0,F1,6.0,100
10056490,tornado,0,0,0,0,25000,0,F1,0.5,50
10056492,tornado,0,0,0,0,250000,0,F2,8.0,50
10056494,tornado,0,0,0,0,250000,0,F1,0.5,50
10056495,tornado,0,0,0,0,250000,0,F1,1.0,70
10056501,tornado,0,0,0,0,250000,0,F1,0.5,50
10056503,tornado,0,0,0,0,250000,0,F1,1.0,50
10056504,tornado,0,0,0,0,2500000,0,F2,5.0,100
10109000,tornado,0,0,0,0,30,0,F0,0.0,33
10124583,tornado,1,0,0,0,250000,0,F2,0.2,10
10124593,tornado,0,0,0,0,30,0,F0,0.1,10
10124594,tornado,0,0,0,0,30,0,F0,0.1,10
10124595,tornado,0,0,0,0,250,0,F1,0.1,10
10109003,tornado,0,0,0,0,30,0,F0,0.0,33
10109004,tornado,0,0,0,0,250,0,F2,5.7,150
10109005,tornado,0,0,0,0,30,0,F0,0.0,33
10109006,tornado,0,0,0,0,30,0,F0,0.0,33
10109007,tornado,0,0,0,0,30,0,F0,0.0,33
10109008,tornado,41,0,0,0,250000000,0,F3,4.0,350
10109010,tornado,0,0,0,0,30,0,F0,0.0,33
10109011,tornado,18,0,2,0,250000,0,F3,10.0,700
10109013,tornado,0,0,0,0,25000,0,F1,11.0,150
10109017,tornado,0,0,0,0,250000,0,F3,7.0,100
10109018,tornado,0,0,0,0,250000,0,F2,7.0,50
10109019,tornado,0,0,0,0,30,0,F0,0.0,33
10109020,tornado,0,0,0,0,30,0,F0,0.0,33
10109021,tornado,0,0,0,0,30,0,F0,0.0,33
10109022,tornado,0,0,0,0,30,0,F0,0.0,33
10109023,tornado,0,0,0,0,30,0,F0,0.0,33
10109025,tornado,0,0,0,0,25000,0,F1,0.5,50
10109027,tornado,0,0,0,0,25000,0,F1,0.0,33
10124596,tornado,0,0,0,0,30,0,F1,0.1,10
10124602,tornado,1,0,0,0,250000,0,F2,7.0,33
10108974,tornado,1,0,0,0,2500000,0,F2,0.5,30
10108975,tornado,0,0,0,0,250000,0,F1,0.5,10
10108978,tornado,0,0,0,0,250,0,F0,0.0,33
10108979,tornado,0,0,0,0,250000,0,F2,1.0,50
10108981,tornado,0,0,0,0,2500000,0,F3,0.5,30
10108982,tornado,0,0,0,0,25000,0,F2,0.5,10
10107681,tornado,0,0,0,0,30,0,F0,0.1,3
10099038,tornado,0,0,0,0,250000,0,F1,2.0,70
10105164,tornado,1,0,0,0,250000,0,F2,3.0,100
10038808,tornado,0,0,0,0,2500,0,F1,0.2,17
10048955,tornado,0,0,0,0,2500,0,F1,0.3,7
10038542,tornado,1,0,1,0,2500000,0,F3,10.0,500
10038543,tornado,0,0,0,0,250000,0,F2,6.0,80
10038544,tornado,2,0,0,0,25000,0,F2,3.8,80
10038545,tornado,0,0,0,0,2500000,0,F3,3.0,500
10038546,tornado,0,0,0,0,25000,0,F1,5.6,40
10038548,tornado,1,0,0,0,250000,0,F1,7.0,70
10038550,tornado,0,0,0,0,250000,0,F1,2.0,70
10107682,tornado,0,0,0,0,30,0,F0,0.1,3
10048945,tornado,0,0,0,0,25000,0,F0,0.3,200
10038532,tornado,0,0,0,0,2500,0,F0,0.1,13
10038535,tornado,0,0,0,0,30,0,F0,0.2,33
10038536,tornado,0,0,0,0,250000,0,F1,2.9,80
10090053,tornado,0,0,1,0,25000,0,F1,0.3,13
10090056,tornado,0,0,0,0,250000,0,F2,3.0,100
10090058,tornado,0,0,0,0,250000,0,F2,2.0,100
10048927,tornado,0,0,0,0,25000,0,F1,1.0,160
10038537,tornado,0,0,0,0,25000,0,F0,0.1,80
10038538,tornado,0,0,0,0,250000,0,F2,5.9,50
10038539,tornado,0,0,0,0,2500,0,F1,1.5,100
10123515,tornado,0,0,0,0,30,0,F0,0.1,10
10123516,tornado,0,0,0,0,30,0,F0,0.1,10
10090036,tornado,0,0,0,0,30,0,F0,0.1,3
10090042,tornado,0,0,0,0,25000,0,F1,1.0,10
10090045,tornado,1,0,0,0,25000,0,F1,0.5,17
10097314,tornado,0,0,0,0,25000,0,F2,2.0,30
10106768,tornado,0,0,0,0,250000,0,F2,0.5,50
10086043,tornado,0,0,0,0,25000,0,F1,0.6,13
10086051,tornado,0,0,0,0,30,0,F0,0.3,7
10086052,tornado,0,0,0,0,30,0,F0,0.3,7
10086053,tornado,0,0,0,0,30,0,F0,0.5,10
10086054,tornado,0,0,0,0,30,0,F0,0.4,10
10106771,tornado,0,0,0,0,2500000,0,F2,6.0,100
10106772,tornado,0,0,0,0,250000,0,F2,5.0,450
10106785,tornado,0,0,0,0,30,0,F0,0.0,33
10106787,tornado,0,0,0,0,30,0,F0,0.0,33
10091152,tornado,0,0,0,0,25000,0,F2,1.0,17
10091153,tornado,0,0,0,0,25000,0,F1,2.0,33
10091154,tornado,2,0,0,0,250000,0,F2,0.3,33
10091146,tornado,0,0,0,0,2500,0,F0,0.1,10
10091148,tornado,0,0,0,0,25000,0,F1,0.5,10
10062295,tornado,0,0,0,0,250000,0,F2,5.0,133
10062296,tornado,0,0,0,0,250000,0,F2,13.0,133
10062298,tornado,3,0,0,0,250000,0,F2,0.0,33
10058644,tornado,0,0,0,0,250000,0,F1,1.0,27
10058649,tornado,0,0,0,0,25000000,0,F4,6.0,500
10058650,tornado,28,0,2,0,25000000,0,F4,14.0,500
10109105,tornado,0,0,0,0,250,0,F1,0.5,50
10039667,tornado,0,0,0,0,2500,0,F0,0.1,17
10058762,tornado,1,0,0,0,250000,0,F2,5.0,100
10058763,tornado,2,0,0,0,250000,0,F2,8.0,100
10058765,tornado,0,0,0,0,25000,0,F1,11.0,100
10058766,tornado,2,0,0,0,250000,0,F1,2.0,70
10058768,tornado,0,0,0,0,25000,0,F1,1.0,50
10058769,tornado,0,0,0,0,250,0,F1,1.0,50
10058770,tornado,1,0,0,0,250000,0,F1,6.5,200
10058771,tornado,0,0,0,0,25000,0,F1,0.3,50
10058772,tornado,8,0,0,0,250000,0,F1,2.0,50
10058773,tornado,0,0,0,0,250,0,F1,0.3,50
10058774,tornado,0,0,0,0,250000,0,F2,4.0,200
10058775,tornado,0,0,0,0,250000,0,F2,9.5,200
10059915,tornado,0,0,0,0,250000,0,F1,12.0,250
10061201,tornado,17,0,1,0,2500000,0,F3,11.0,300
10058754,tornado,0,0,0,0,2500,0,F1,0.3,50
10058758,tornado,0,0,0,0,2500000,0,F2,6.0,150
10058759,tornado,9,0,0,0,2500000,0,F2,7.0,150
10058760,tornado,0,0,0,0,2500000,0,F2,10.0,150
10074673,tornado,0,0,0,0,250000,0,F2,0.0,33
10074674,tornado,0,0,0,0,25000000,0,F2,0.0,33
10062929,tornado,0,0,0,0,25000,0,F1,0.3,100
10062931,tornado,0,0,0,0,25000,0,F1,0.3,100
10062933,tornado,0,0,0,0,25000,0,F1,0.3,100
10062940,tornado,0,0,0,0,250000,0,F2,0.5,100
10106753,tornado,0,0,0,0,2500000,0,F2,12.0,300
10106757,tornado,0,0,0,0,2500000,0,F1,0.5,50
10106759,tornado,13,0,0,0,250000,0,F2,0.5,50
10106765,tornado,2,0,0,0,250000,0,F2,0.5,50
10062944,tornado,0,0,0,0,25000,0,F1,0.7,67
10062947,tornado,0,0,0,0,250000,0,F1,0.7,67
10062950,tornado,0,0,0,0,25000,0,F2,0.7,100
10097355,tornado,5,0,0,0,2500000,0,F1,3.5,50
10109069,tornado,0,0,0,0,2500,0,F2,1.0,50
10062312,tornado,0,0,0,0,250000,0,F3,6.0,200
10062313,tornado,1,0,0,0,250000,0,F3,8.0,100
10062314,tornado,0,0,0,0,250000,0,F3,5.0,100
10045083,tornado,0,0,0,0,250000,0,F1,5.0,200
10039634,tornado,0,0,0,0,2500,0,F1,3.0,40
10062921,tornado,5,0,0,0,2500000,0,F1,1.0,133
10039657,tornado,0,0,0,0,2500,0,F0,0.5,17
10039658,tornado,0,0,0,0,2500,0,F0,0.1,67
10058718,tornado,0,0,0,0,25000,0,F1,0.5,50
9986773,tornado,0,0,0,0,30,0,F0,0.3,50
9986774,tornado,0,0,0,0,30,0,F1,2.0,77
9986776,tornado,0,0,0,0,30,0,F1,0.5,100
9986777,tornado,0,0,0,0,30,0,F1,1.0,150
9986778,tornado,0,0,0,0,2500,0,F1,2.0,300
10059870,tornado,0,0,0,0,2500,0,F1,0.5,50
10059875,tornado,0,0,0,0,250000,0,F1,2.0,50
10058688,tornado,0,0,0,0,250000,0,F2,13.0,100
10058691,tornado,0,0,0,0,25000,0,F1,0.1,50
10058693,tornado,0,0,0,0,250000,0,F2,0.0,33
10059879,tornado,0,0,0,0,2500,0,F1,0.1,20
10066331,tornado,0,0,0,0,30,0,F0,0.1,20
10066332,tornado,0,0,0,0,2500,0,F1,0.2,20
10066337,tornado,0,0,0,0,30,0,F0,0.1,20
9979696,tornado,0,0,0,0,250,0,F0,0.1,17
9979708,tornado,0,0,0,0,2500,0,F0,0.1,30
10045059,tornado,0,0,0,0,30,0,F1,1.0,50
10045060,tornado,0,0,0,0,2500,0,F2,5.0,100
10045063,tornado,0,0,0,0,30,0,F0,0.5,20
9985684,tornado,0,0,0,0,30,0,F0,1.0,200
9985685,tornado,0,0,0,0,2500,0,F3,3.0,400
9985686,tornado,0,0,0,0,30,0,F1,1.0,100
9985688,tornado,0,0,0,0,30,0,F1,1.0,77
10047832,tornado,1,0,0,0,25000,0,F1,7.0,30
9985696,tornado,0,0,0,0,30,0,F1,0.5,100
9985698,tornado,0,0,0,0,30,0,F1,0.5,100
9985699,tornado,0,0,0,0,30,0,F1,1.0,100
9985700,tornado,0,0,0,0,30,0,F1,1.0,200
9985701,tornado,0,0,0,0,30,0,F1,0.5,100
9985703,tornado,0,0,0,0,30,0,F2,2.0,200
10078203,tornado,0,0,0,0,30,0,F0,0.5,13
10058752,tornado,0,0,0,0,25000,0,F1,6.0,400
9986819,tornado,0,0,0,0,30,0,F1,0.5,77
9983584,tornado,0,0,0,0,250000,0,F3,9.0,880
9983586,tornado,0,0,0,0,25000,0,F2,2.0,200
9979689,tornado,0,0,0,0,2500,0,F1,1.2,30
9977406,tornado,0,0,0,0,25000,0,F1,1.0,40
9977407,tornado,0,0,0,0,25000,0,F1,1.0,50
9977415,tornado,0,0,0,0,25000,0,F1,8.0,77
10050055,tornado,0,0,0,0,250000,0,F2,0.8,3
10059817,tornado,0,0,0,0,30,0,F1,2.0,50
9988471,tornado,0,0,0,0,2500,0,F1,2.5,150
9983583,tornado,0,0,0,0,30,0,F1,0.0,33
9987925,tornado,0,0,0,0,30,0,F1,1.0,80
9987926,tornado,0,0,0,0,30,0,F1,0.5,50
9979674,tornado,1,0,0,0,250000,0,F1,2.5,60
9985670,tornado,0,0,0,0,30,0,F0,0.3,50
9985671,tornado,0,0,0,0,30,0,F1,0.5,100
9985672,tornado,0,0,0,0,30,0,F1,0.5,100
10078182,tornado,0,0,0,0,250000,0,F1,3.0,250
10078185,tornado,1,0,0,0,250,0,F0,0.2,50
9987914,tornado,0,0,0,0,30,0,F1,1.0,50
10066107,tornado,0,0,0,0,25000,0,F1,11.0,40
10066110,tornado,0,0,0,0,30,0,F0,0.1,30
9989240,tornado,0,0,0,0,2500,0,F0,0.1,20
9986837,tornado,0,0,0,0,30,0,F1,1.0,100
9986839,tornado,0,0,0,0,30,0,F1,0.3,50
9985673,tornado,0,0,0,0,30,0,F1,1.0,77
9984045,tornado,0,0,0,0,30,0,F0,0.5,30
9986816,tornado,0,0,0,0,30,0,F1,1.0,100
10059843,tornado,0,0,0,0,250000,0,F2,3.0,100
10059844,tornado,0,0,0,0,250,0,F1,0.3,50
10066350,tornado,0,0,0,0,250000,0,F1,0.8,30
10108753,tornado,0,0,0,0,250000,0,F2,12.0,177
10108754,tornado,0,0,0,0,250000,0,F2,0.0,33
10108755,tornado,0,0,0,0,250000,0,F1,0.0,33
10108756,tornado,7,0,0,0,250000,0,F4,29.0,50
10074679,tornado,0,0,0,0,30,0,F0,0.1,3
10074681,tornado,0,0,0,0,30,0,F0,0.1,3
10074688,tornado,0,0,0,0,30,0,F0,0.1,3
10082601,tornado,0,0,0,0,2500000,0,F2,1.5,23
10058640,tornado,0,0,0,0,250000,0,F1,0.3,30
10058641,tornado,0,0,0,0,250000,0,F1,0.3,30
10058642,tornado,0,0,0,0,25000,0,F1,1.0,30
10070745,tornado,0,0,0,0,250000,0,F1,0.5,200
10123275,tornado,0,0,0,0,30,0,F0,0.1,10
10116382,tornado,0,0,0,0,25000,0,F1,0.2,17
10116385,tornado,1,0,0,0,25000,0,F2,4.0,30
10108823,tornado,0,0,0,0,30,0,F0,0.1,3
10116390,tornado,3,0,0,0,2500,0,F0,0.2,7
10070730,tornado,0,0,0,0,2500,0,F2,0.5,20
10044448,tornado,0,0,0,0,25000,0,F1,0.0,27
10044449,tornado,0,0,0,0,250000,0,F2,15.0,100
10044459,tornado,0,0,0,0,250,0,F0,0.0,33
10044460,tornado,0,0,0,0,250000,0,F2,5.0,100
10044462,tornado,0,0,0,0,250,0,F0,0.0,33
10044464,tornado,0,0,0,0,250,0,F1,0.0,33
10109065,tornado,0,0,0,0,250,0,F1,1.5,50
10108752,tornado,57,0,0,0,25000000,0,F2,3.0,177
10044465,tornado,0,0,0,0,250,0,F0,0.0,33
10044441,tornado,0,0,0,0,250000,0,F1,0.0,50
10061204,tornado,0,0,0,0,250000,0,F1,0.3,100
10039619,tornado,0,0,0,0,250,0,F0,0.2,10
10045031,tornado,0,0,0,0,30,0,F0,0.0,33
10045039,tornado,0,0,0,0,25000,0,F2,0.0,33
10045044,tornado,0,0,0,0,250000,0,F3,7.0,200
10045045,tornado,0,0,0,0,250000,0,F3,7.0,200
10045046,tornado,1,0,0,0,250000,0,F3,10.0,500
10045047,tornado,0,0,0,0,250000,0,F3,13.0,500
10107901,tornado,0,0,0,0,30,0,F1,1.0,50
10107902,tornado,0,0,0,0,30,0,F1,2.0,50
10107904,tornado,0,0,0,0,250,0,F0,0.1,3
10096825,tornado,0,0,0,0,250000,0,F1,0.3,50
10107878,tornado,0,0,0,0,25000,0,F1,0.5,10
10107881,tornado,36,0,1,0,2500000,0,F3,6.0,60
10107882,tornado,0,0,0,0,250000,0,F2,0.0,33
10107883,tornado,1,0,0,0,250000,0,F2,0.0,33
10107884,tornado,0,0,0,0,250000,0,F1,0.0,33
10107897,tornado,0,0,0,0,30,0,F1,0.5,27
10107898,tornado,0,0,0,0,30,0,F0,0.1,3
10109054,tornado,0,0,0,0,25000,0,F2,1.0,50
10109055,tornado,2,0,0,0,25000,0,F2,1.0,50
10123505,tornado,0,0,0,0,30,0,F0,0.1,10
10111907,tornado,16,0,0,0,2500000,0,F2,3.0,133
10111909,tornado,0,0,0,0,2500000,0,F2,3.0,133
10081324,tornado,0,0,0,0,30,0,F0,0.2,10
10109045,tornado,0,0,0,0,25000,0,F1,0.1,10
10056506,tornado,1,0,0,0,2500000,0,F2,3.0,100
10056507,tornado,0,0,0,0,2500000,0,F2,8.0,100
10056512,tornado,2,0,0,0,250000,0,F2,3.0,200
10056513,tornado,2,0,0,0,250000,0,F2,14.0,200
10056514,tornado,0,0,0,0,30,0,F0,0.3,50
10056517,tornado,6,0,0,0,2500000,0,F4,25.0,300
10056518,tornado,0,0,0,0,25000,0,F1,0.5,50
10056519,tornado,1,0,0,0,2500000,0,F2,16.0,300
10056520,tornado,0,0,0,0,2500000,0,F4,18.0,300
10056522,tornado,0,0,0,0,2500000,0,F2,7.0,300
10056523,tornado,1,0,1,0,2500000,0,F2,10.0,300
10056529,tornado,0,0,0,0,25000,0,F1,0.5,50
10047808,tornado,0,0,0,0,25000,0,F0,8.0,100
10047810,tornado,0,0,0,0,250000,0,F2,14.0,800
10047811,tornado,0,0,0,0,25000,0,F0,4.0,7
9979641,tornado,0,0,0,0,2500,0,F1,2.0,30
9980172,tornado,0,0,0,0,2500,0,F0,0.0,33
9980173,tornado,2,0,0,0,2500000,0,F2,1.0,100
9980174,tornado,0,0,0,0,250000,0,F2,2.5,17
9980177,tornado,0,0,0,0,2500000,0,F2,0.0,33
9980178,tornado,0,0,0,0,2500000,0,F3,13.0,233
9980179,tornado,13,0,1,0,250000,0,F2,1.6,60
9980180,tornado,2,0,1,0,2500000,0,F3,10.0,233
9980181,tornado,0,0,0,0,2500000,0,F4,13.0,200
9980182,tornado,5,0,0,0,2500000,0,F3,1.0,100
9980184,tornado,23,0,3,0,2500000,0,F4,15.0,200
9980186,tornado,0,0,0,0,2500000,0,F3,3.0,200
9980187,tornado,4,0,5,0,2500000,0,F3,10.0,200
9980188,tornado,0,0,0,0,2500000,0,F4,17.0,200
9980190,tornado,2,0,2,0,250000,0,F3,1.5,880
9980191,tornado,2,0,0,0,25000,0,F1,1.5,200
9980192,tornado,37,0,2,0,2500000,0,F3,3.5,440
9980194,tornado,0,0,0,0,250000,0,F1,8.0,77
9980195,tornado,0,0,0,0,2500000,0,F1,19.0,100
10059866,tornado,0,0,0,0,30,0,F0,0.5,50
10057537,tornado,0,0,0,0,250000,0,F1,6.8,300
10057539,tornado,0,0,0,0,25000,0,F1,2.0,700
10057606,tornado,0,0,0,0,25000,0,F2,0.5,40
9979656,tornado,0,0,0,0,250000,0,F1,0.5,40
9977390,tornado,0,0,0,0,250000,0,F2,15.0,140
9977391,tornado,0,0,0,0,250000,0,F2,0.0,140
9977392,tornado,6,0,0,0,250000,0,F2,8.0,80
9977393,tornado,0,0,0,0,2500,0,F1,1.5,77
9977394,tornado,4,0,0,0,25000,0,F1,0.1,13
9977395,tornado,6,0,0,0,250000,0,F2,0.0,80
9977399,tornado,0,0,0,0,250000,0,F2,0.5,100
9977400,tornado,1,0,0,0,25000,0,F2,2.5,100
10057575,tornado,0,0,0,0,250000,0,F1,3.5,50
10067691,tornado,0,0,0,0,30,0,F0,0.1,20
10057551,tornado,0,0,0,0,250,0,F1,1.3,30
9987696,tornado,0,0,0,0,30,0,F1,0.3,50
9987697,tornado,0,0,0,0,30,0,F1,0.5,50
9987698,tornado,0,0,0,0,2500,0,F1,1.5,50
10047806,tornado,0,0,0,0,250000,0,F3,10.0,100
10047807,tornado,0,0,0,0,25000,0,F0,2.0,100
10066599,tornado,0,0,0,0,250000,0,F2,2.0,70
10066600,tornado,0,0,0,0,250,0,F0,0.5,30
10066608,tornado,0,0,0,0,250000,0,F0,0.1,20
9980208,tornado,0,0,0,0,25000,0,F1,0.0,33
10059790,tornado,0,0,0,0,30,0,F0,0.3,50
10059791,tornado,0,0,0,0,30,0,F0,0.3,50
10059797,tornado,0,0,0,0,30,0,F0,0.3,50
10059798,tornado,0,0,0,0,250,0,F1,1.0,50
10059800,tornado,0,0,0,0,30,0,F0,0.1,50
10059801,tornado,0,0,0,0,30,0,F1,0.3,50
10059802,tornado,0,0,0,0,30,0,F1,0.3,50
10059803,tornado,0,0,0,0,2500,0,F1,0.3,100
10059804,tornado,0,0,0,0,30,0,F0,0.3,50
10059805,tornado,0,0,0,0,2500,0,F1,1.0,100
10059809,tornado,0,0,0,0,25000,0,F2,1.0,77
10059810,tornado,0,0,0,0,25000,0,F1,2.0,100
10050063,tornado,0,0,0,0,2500,0,F0,1.5,7
9984636,tornado,0,0,0,0,250,0,F2,1.5,100
9986795,tornado,0,0,0,0,30,0,F2,1.0,200
9986796,tornado,0,0,0,0,30,0,F1,1.0,100
9985646,tornado,0,0,0,0,30,0,F1,1.0,100
10066598,tornado,0,0,0,0,250000,0,F2,3.0,70
9986805,tornado,0,0,0,0,2500,0,F1,1.0,200
9986812,tornado,0,0,0,0,30,0,F1,1.0,150
9986813,tornado,0,0,0,0,30,0,F1,0.5,100
10067693,tornado,0,0,0,0,250000,0,F2,0.3,20
10067695,tornado,0,0,0,0,2500,0,F1,1.0,20
10067696,tornado,0,0,0,0,25000,0,F2,0.3,20
10067726,tornado,0,0,0,0,250000,0,F2,0.8,30
10067729,tornado,0,0,0,0,30,0,F1,0.5,20
10067730,tornado,0,0,0,0,30,0,F1,0.3,30
10067732,tornado,0,0,0,0,30,0,F0,0.1,20
10067733,tornado,0,0,0,0,25000,0,F2,0.8,40
10067734,tornado,0,0,0,0,2500,0,F1,0.5,40
10067736,tornado,0,0,0,0,25000,0,F1,0.3,40
10067737,tornado,0,0,0,0,30,0,F0,0.1,30
10046159,tornado,0,0,0,0,25000,0,F1,0.1,10
10046161,tornado,0,0,0,0,2500,0,F1,2.0,50
10065473,tornado,0,0,0,0,30,0,F0,0.2,20
9980154,tornado,0,0,0,0,25000,0,F0,0.2,7
9980155,tornado,0,0,0,0,250000,0,F1,0.5,17
9980156,tornado,1,0,0,0,250000,0,F2,2.5,20
10046172,tornado,0,0,0,0,30,0,F0,0.1,10
10046179,tornado,0,0,0,0,25000,0,F2,1.0,150
10046180,tornado,0,0,0,0,250000,0,F2,0.8,100
10046182,tornado,0,0,0,0,250000,0,F2,2.5,150
10046183,tornado,0,0,0,0,250000,0,F3,2.0,133
10046184,tornado,0,0,0,0,30,0,F0,0.5,10
10046188,tornado,0,0,0,0,250,0,F0,0.1,3
9987971,tornado,0,0,0,0,30,0,F1,1.0,40
10062274,tornado,5,0,0,0,25000000,0,F3,12.0,400
10062275,tornado,35,0,3,0,25000000,0,F3,13.0,400
10062276,tornado,0,0,0,0,25000000,0,F3,13.0,400
10062277,tornado,40,0,0,0,250,0,F2,0.0,33
10062278,tornado,0,0,0,0,25000000,0,F3,4.0,400
10062282,tornado,0,0,0,0,250000,0,F2,0.0,33
10039402,tornado,0,0,0,0,250000,0,F1,7.0,180
10039404,tornado,0,0,0,0,250000,0,F1,4.6,180
10039405,tornado,0,0,0,0,250000,0,F1,1.0,30
10039406,tornado,0,0,0,0,250,0,F0,1.0,30
10067704,tornado,0,0,0,0,30,0,F0,0.1,20
10067705,tornado,0,0,0,0,250,0,F1,0.1,20
10067706,tornado,0,0,0,0,30,0,F0,0.1,20
10067707,tornado,0,0,0,0,30,0,F0,0.1,20
10067722,tornado,0,0,0,0,2500,0,F2,5.0,30
10067723,tornado,0,0,0,0,2500,0,F2,2.0,30
10067724,tornado,0,0,0,0,25000,0,F2,0.3,30
10067725,tornado,0,0,0,0,30,0,F0,0.1,10
10046162,tornado,0,0,0,0,25000,0,F1,1.0,10
10046163,tornado,0,0,0,0,2500,0,F0,0.1,50
10065500,tornado,0,0,0,0,25000,0,F1,0.2,20
10065501,tornado,0,0,0,0,2500000,0,F2,10.0,30
10065508,tornado,0,0,0,0,250000,0,F2,0.2,50
9987947,tornado,0,0,0,0,30,0,F1,1.0,50
9987932,tornado,0,0,0,0,30,0,F1,0.5,50
9987938,tornado,0,0,0,0,30,0,F1,2.5,50
9987939,tornado,0,0,0,0,30,0,F1,1.0,50
9987940,tornado,0,0,0,0,30,0,F1,1.0,50
9987941,tornado,0,0,0,0,30,0,F1,1.0,50
9987951,tornado,0,0,0,0,30,0,F1,1.0,60
9987952,tornado,0,0,0,0,30,0,F1,1.5,50
9987955,tornado,0,0,0,0,2500,0,F1,1.5,70
9987943,tornado,0,0,0,0,30,0,F1,2.0,77
10046200,tornado,0,0,0,0,25000,0,F1,1.0,33
10046202,tornado,0,0,0,0,30,0,F1,0.5,10
10046203,tornado,0,0,0,0,250000,0,F1,1.0,17
10046204,tornado,0,0,0,0,30,0,F0,2.0,50
10046205,tornado,0,0,0,0,250000,0,F2,1.0,33
10046196,tornado,0,0,0,0,250000,0,F1,1.0,10
10046197,tornado,0,0,0,0,250000,0,F1,1.0,50
9984624,tornado,0,0,0,0,25000,0,F2,2.0,200
10056273,tornado,2,0,0,0,25000,0,F1,1.0,50
10056274,tornado,0,0,0,0,250000,0,F2,5.0,50
10056276,tornado,2,0,0,0,25000,0,F1,0.5,50
9983598,tornado,1,0,0,0,2500000,0,F2,0.5,300
9983602,tornado,0,0,0,0,30,0,F0,0.0,33
9983605,tornado,0,0,0,0,30,0,F0,0.2,17
9983612,tornado,0,0,0,0,30,0,F0,0.1,10
10057502,tornado,0,0,0,0,250000,0,F3,8.0,150
10057503,tornado,0,0,0,0,25000000,0,F3,15.0,500
10057505,tornado,1,0,0,0,2500000,0,F3,14.0,700
10057509,tornado,0,0,0,0,250000,0,F2,5.0,600
10057512,tornado,0,0,0,0,250000,0,F1,5.0,150
10057516,tornado,0,0,0,0,250000,0,F0,24.0,200
10058697,tornado,0,0,0,0,250000,0,F2,14.0,800
10058743,tornado,1,0,0,0,250000,0,F1,10.0,200
10058744,tornado,4,0,0,0,250000,0,F1,19.0,200
10058746,tornado,0,0,0,0,30,0,F1,0.3,50
9983593,tornado,0,0,0,0,25000,0,F1,0.0,33
10065479,tornado,0,0,0,0,30,0,F0,0.1,20
10071898,tornado,0,0,0,0,250000,0,F1,2.0,30
10071900,tornado,0,0,0,0,250000,0,F1,1.0,30
10047796,tornado,0,0,0,0,2500000,0,F3,8.0,80
10047797,tornado,0,0,0,0,2500000,0,F3,1.0,80
10047798,tornado,0,0,0,0,2500000,0,F3,6.0,80
10047802,tornado,0,0,0,0,250000,0,F3,10.0,100
10047803,tornado,0,0,0,0,250000,0,F3,10.0,100
10057495,tornado,0,0,0,0,25000000,0,F3,14.0,500
10057496,tornado,0,0,0,0,25000000,0,F3,17.0,500
10057498,tornado,0,0,1,0,25000000,0,F3,14.0,500
10105613,tornado,0,0,0,0,30,0,F0,0.0,33
10105615,tornado,0,0,0,0,25000,0,F1,7.0,50
10105616,tornado,0,0,0,0,25000,0,F1,7.0,50
10105617,tornado,0,0,0,0,30,0,F0,0.0,33
10002407,tornado,0,0,0,0,250000,0,F0,7.0,100
10105608,tornado,0,0,0,0,30,0,F0,0.0,33
10105387,tornado,0,0,0,0,250000,0,F1,2.0,50
9999727,tornado,0,0,0,0,250000,0,F1,0.5,7
9999728,tornado,0,0,0,0,25000,0,F0,0.2,7
9999729,tornado,0,0,0,0,2500,0,F0,0.5,7
9999730,tornado,0,0,0,0,25000,0,F0,0.2,7
9999733,tornado,0,0,0,0,2500,0,F0,0.5,10
9999734,tornado,0,0,0,0,25000,0,F0,0.3,7
9999735,tornado,0,0,0,0,25000,0,F1,0.3,7
9999736,tornado,0,0,0,0,2500,0,F0,0.1,7
9999739,tornado,0,0,0,0,25000,0,F1,0.5,17
9999740,tornado,0,0,0,0,25000,0,F1,0.8,20
9999741,tornado,0,0,0,0,2500,0,F1,1.0,10
9999742,tornado,0,0,0,0,2500,0,F0,0.2,10
9999744,tornado,0,0,0,0,25000,0,F1,0.1,7
9999745,tornado,0,0,0,0,2500,0,F0,0.2,10
9999746,tornado,0,0,0,0,25000,0,F1,0.2,10
9999748,tornado,0,0,0,0,25000,0,F1,0.3,10
9999752,tornado,1,0,0,0,25000,0,F1,0.5,10
9999753,tornado,0,0,0,0,250,0,F0,0.3,10
9999762,tornado,0,0,0,0,30,0,F0,0.3,7
10024182,tornado,0,0,0,0,250000,0,F2,10.0,200
10024184,tornado,0,0,0,0,30,0,F0,0.1,3
10024186,tornado,0,0,0,0,30,0,F0,0.1,3
10014069,tornado,0,0,0,0,30,0,F0,0.1,3
9992377,tornado,0,0,0,0,30,0,F0,0.5,20
10022993,tornado,0,0,0,0,30,0,F0,0.0,33
10021605,tornado,1,0,1,0,2500000,0,F3,6.0,300
10004553,tornado,0,0,0,0,250000,0,F0,0.3,200
10004555,tornado,5,0,0,0,250000,0,F1,4.0,127
10022997,tornado,0,0,0,0,30,0,F0,4.0,33
10022998,tornado,0,0,0,0,30,0,F0,0.0,33
10022999,tornado,0,0,0,0,2500000,0,F3,2.0,400
10023001,tornado,0,0,0,0,25000,0,F0,0.0,33
10023003,tornado,0,0,0,0,250000,0,F1,0.0,33
10023007,tornado,0,0,0,0,250000,0,F1,2.0,200
10001950,tornado,0,0,0,0,250000,0,F1,1.0,100
10001952,tornado,0,0,0,0,25000,0,F0,0.3,27
10001956,tornado,0,0,0,0,250000,0,F1,1.0,50
10004560,tornado,15,0,0,0,25000000,0,F3,12.0,750
10004561,tornado,0,0,0,0,250000,0,F1,14.0,450
10004562,tornado,0,0,0,0,250000,0,F0,8.0,127
10001957,tornado,0,0,0,0,25000,0,F0,3.0,50
10001958,tornado,4,0,0,0,2500000,0,F1,10.0,100
10001959,tornado,0,0,0,0,250000,0,F1,1.0,100
10001960,tornado,0,0,0,0,25000,0,F1,0.5,50
10021929,tornado,0,0,0,0,250000,0,F1,0.1,10
10116980,tornado,0,0,0,0,25000,0,F1,1.5,13
10084908,tornado,0,0,0,0,30,0,F0,0.3,10
10084911,tornado,0,0,0,0,25000,0,F2,0.4,23
10084919,tornado,0,0,0,0,250000,0,F1,0.7,13
10084920,tornado,0,0,0,0,250000,0,F2,5.0,200
10084922,tornado,0,0,0,0,30,0,F0,0.4,10
10084923,tornado,0,0,0,0,30,0,F0,0.3,10
10084925,tornado,0,0,0,0,30,0,F0,0.4,13
10084929,tornado,0,0,0,0,25000,0,F1,0.6,13
10084938,tornado,0,0,0,0,25000,0,F1,0.5,13
10023020,tornado,0,0,0,0,25000,0,F0,0.0,33
10023028,tornado,0,0,0,0,25000,0,F1,0.0,33
10005684,tornado,1,0,0,0,250000,0,F0,5.0,40
10015197,tornado,0,0,0,0,30,0,F0,0.3,30
10119494,tornado,0,0,0,0,250000,0,F2,2.0,77
10021881,tornado,0,0,0,0,250000,0,F1,4.0,400
10015201,tornado,0,0,0,0,2500,0,F0,0.3,30
10015208,tornado,0,0,0,0,25000,0,F1,2.5,17
10084892,tornado,0,0,0,0,30,0,F0,0.1,33
10084899,tornado,0,0,0,0,25000,0,F2,2.0,100
10084900,tornado,0,0,0,0,25000,0,F2,8.0,100
10100126,tornado,4,0,0,0,250000,0,F2,1.0,200
10021868,tornado,0,0,0,0,2500,0,F0,0.0,33
10021869,tornado,0,0,0,0,25000,0,F0,0.0,33
10021853,tornado,0,0,0,0,25000,0,F1,0.2,17
10021855,tornado,0,0,0,0,25000,0,F1,0.2,17
10021858,tornado,0,0,0,0,2500,0,F0,1.0,17
10021860,tornado,0,0,0,0,2500,0,F0,2.0,17
9998612,tornado,0,0,0,0,25000,0,F1,1.0,10
9998613,tornado,0,0,0,0,25000,0,F1,1.0,20
9998614,tornado,1,0,0,0,25000,0,F2,3.0,20
9998622,tornado,1,0,0,0,250000,0,F0,5.0,50
9998624,tornado,0,0,0,0,2500,0,F0,0.5,20
9998626,tornado,0,0,0,0,25000,0,F0,0.5,20
10090014,tornado,1,0,0,0,25000,0,F2,0.1,27
10105628,tornado,0,0,0,0,25000,0,F1,0.5,50
10105629,tornado,0,0,0,0,30,0,F0,0.0,33
10105630,tornado,0,0,0,0,30,0,F0,0.0,33
10105631,tornado,0,0,0,0,25000,0,F1,0.0,33
10149019,tornado,0,0,0,0,25000,0,F1,0.1,67
10149020,tornado,0,0,0,0,2500,0,F1,0.7,50
10002365,tornado,0,0,0,0,30,0,F0,0.1,3
10002424,tornado,0,0,0,0,2500000,0,F0,7.0,300
10105620,tornado,0,0,0,0,25000,0,F2,3.0,50
10105623,tornado,0,0,0,0,250000,0,F2,0.5,50
10105626,tornado,0,0,0,0,250000,0,F2,0.5,50
10020736,tornado,0,0,0,0,2500000,0,F2,1.0,300
10020737,tornado,0,0,0,0,2500000,0,F2,24.0,500
10020740,tornado,0,0,0,0,2500000,0,F2,6.0,500
9989547,tornado,0,0,0,0,25000,0,F1,1.5,40
9998630,tornado,0,0,0,0,25000,0,F1,0.5,20
9998638,tornado,0,0,0,0,2500,0,F0,0.3,20
10022756,tornado,0,0,0,0,250000,0,F0,0.0,33
9989800,tornado,0,0,0,0,250000,0,F1,4.0,50
9989806,tornado,0,0,0,0,25000,0,F0,1.5,250
9989807,tornado,0,0,0,0,25000,0,F0,2.0,250
9990448,tornado,0,0,0,0,250000,0,F2,0.5,100
9990449,tornado,2,0,0,0,250000,0,F2,8.0,77
9990450,tornado,0,0,0,0,250000,0,F2,0.6,80
9990454,tornado,0,0,0,0,2500,0,F1,4.0,250
9990456,tornado,0,0,0,0,2500,0,F1,5.0,250
9990457,tornado,0,0,0,0,250000,0,F1,11.0,400
10021830,tornado,8,0,1,0,25000000,0,F3,10.0,600
10021831,tornado,0,0,0,0,2500000,0,F3,24.0,167
10021835,tornado,6,0,1,0,2500000,0,F3,6.0,167
10021836,tornado,0,0,0,0,25000,0,F3,1.0,400
10021837,tornado,0,0,0,0,25000,0,F2,0.5,30
10021839,tornado,0,0,0,0,250000,0,F2,24.0,67
10021840,tornado,0,0,0,0,250000,0,F2,24.0,67
9990437,tornado,0,0,0,0,2500000,0,F2,9.0,123
9990438,tornado,0,0,0,0,2500000,0,F2,4.0,123
9990439,tornado,0,0,0,0,2500000,0,F2,2.0,123
9990440,tornado,1,0,0,0,250000,0,F1,1.0,150
9990441,tornado,1,0,0,0,250000,0,F1,9.5,150
9990443,tornado,0,0,0,0,250,0,F0,0.1,40
9990444,tornado,0,0,0,0,250000,0,F2,4.0,100
9990445,tornado,29,0,0,0,25000000,0,F3,20.0,400
9990446,tornado,0,0,0,0,250000,0,F3,14.0,500
10123539,tornado,0,0,0,0,25000,0,F1,0.1,10
10023052,tornado,0,0,0,0,250000,0,F1,0.5,100
9998605,tornado,10,0,0,0,250000,0,F2,3.0,50
10019700,tornado,0,0,0,0,250000,0,F1,0.8,50
10097984,tornado,0,0,0,0,25000,0,F1,0.3,50
10024257,tornado,0,0,0,0,30,0,F0,1.3,17
10100142,tornado,1,0,0,0,2500000,0,F1,3.0,50
10100145,tornado,9,0,0,0,250000,0,F2,0.8,50
10100153,tornado,0,0,0,0,25000,0,F1,1.0,67
10100155,tornado,1,0,0,0,25000,0,F1,1.0,50
9995929,tornado,0,0,0,0,250000,0,F1,0.1,20
10024254,tornado,0,0,0,0,30,0,F0,0.1,3
10024255,tornado,0,0,0,0,30,0,F0,0.1,3
10024256,tornado,0,0,0,0,30,0,F0,0.1,3
10111911,tornado,0,0,0,0,250000,0,F1,0.3,33
10111913,tornado,0,0,0,0,2500,0,F1,1.0,30
10111917,tornado,0,0,0,0,250,0,F0,0.1,20
10014070,tornado,1,0,0,0,250000,0,F1,0.5,20
10014071,tornado,0,0,0,0,25000,0,F1,0.2,10
10014082,tornado,0,0,0,0,25000,0,F1,0.3,50
9999512,tornado,0,0,0,0,25000,0,F0,1.0,7
9999513,tornado,9,0,0,0,250,0,F2,1.0,200
10002379,tornado,0,0,0,0,30,0,F0,0.1,3
9999726,tornado,0,0,0,0,25000,0,F0,0.4,7
10002385,tornado,0,0,0,0,30,0,F0,0.1,3
10022987,tornado,0,0,0,0,30,0,F0,0.0,33
10022988,tornado,0,0,0,0,30,0,F0,0.0,33
10022989,tornado,0,0,0,0,30,0,F0,0.0,33
10110797,tornado,0,0,0,0,2500,0,F1,0.3,27
10110798,tornado,0,0,0,0,25000,0,F1,0.1,10
10022828,tornado,0,0,0,0,25000,0,F1,4.0,100
10022975,tornado,0,0,0,0,30,0,F0,0.0,33
10119222,tornado,1,0,0,0,2500000,0,F3,8.0,77
10119223,tornado,0,0,0,0,250000,0,F2,6.0,77
10119225,tornado,0,0,0,0,250000,0,F2,5.5,77
10119227,tornado,0,0,0,0,250000,0,F0,0.3,50
10119232,tornado,0,0,0,0,25000,0,F1,0.8,30
10123499,tornado,0,0,0,0,30,0,F0,0.1,10
10024227,tornado,0,0,0,0,30,0,F0,0.1,3
10002423,tornado,0,0,0,0,2500000,0,F2,18.0,300
10002425,tornado,0,0,0,0,2500000,0,F0,13.0,300
10002426,tornado,0,0,0,0,250000,0,F0,11.5,300
10017962,tornado,0,0,0,0,250000,0,F1,0.0,33
10017972,tornado,0,0,0,0,25000,0,F0,0.0,33
10015183,tornado,0,0,0,0,2500000,0,F2,13.0,100
10015184,tornado,0,0,0,0,2500000,0,F2,13.0,100
10003449,tornado,0,0,0,0,2500,0,F0,0.5,33
10003451,tornado,0,0,2,0,25000000,0,F3,10.5,100
10005663,tornado,0,0,0,0,250000,0,F3,3.0,200
10005664,tornado,0,0,0,0,250000,0,F3,4.0,200
10005665,tornado,7,0,0,0,250000,0,F3,3.0,200
10005667,tornado,0,0,0,0,30,0,F0,0.0,33
10005668,tornado,0,0,0,0,250,0,F0,0.0,33
10005670,tornado,0,0,0,0,30,0,F0,0.0,33
10014026,tornado,0,0,0,0,250,0,F0,0.0,33
10014027,tornado,0,0,0,0,250,0,F0,0.0,33
10014028,tornado,0,0,0,0,30,0,F0,0.0,33
10014030,tornado,0,0,0,0,30,0,F0,0.0,33
10014031,tornado,0,0,0,0,30,0,F0,0.0,33
10014032,tornado,0,0,0,0,30,0,F0,0.0,33
10014034,tornado,0,0,0,0,2500000,0,F2,2.0,67
9999723,tornado,0,0,0,0,250000,0,F1,0.5,10
9999724,tornado,0,0,0,0,2500,0,F0,0.4,10
10015196,tornado,0,0,0,0,2500,0,F0,0.3,30
10014045,tornado,0,0,0,0,30,0,F0,0.2,10
10014051,tornado,0,0,0,0,25000,0,F1,0.2,10
10014052,tornado,0,0,0,0,250000,0,F1,0.2,50
10014053,tornado,0,0,0,0,25000,0,F1,0.2,10
10014055,tornado,0,0,0,0,30,0,F0,0.2,10
10002427,tornado,0,0,0,0,2500000,0,F0,5.5,300
10002428,tornado,0,0,0,0,2500000,0,F2,5.5,300
10002429,tornado,0,0,0,0,250000,0,F0,0.8,33
9998599,tornado,1,0,0,0,25000,0,F1,0.5,50
9998600,tornado,1,0,0,0,25000,0,F1,2.0,10
10016806,tornado,0,0,0,0,250000,0,F1,9.0,17
10023036,tornado,0,0,0,0,25000,0,F0,0.0,33
10023037,tornado,0,0,0,0,25000,0,F0,8.0,50
10021875,tornado,0,0,0,0,25000,0,F0,0.0,33
9999725,tornado,0,0,0,0,30,0,F1,5.0,50
10020780,tornado,0,0,0,0,250000,0,F1,1.0,33
10020782,tornado,0,0,0,0,250000,0,F1,29.0,33
10107945,tornado,0,0,0,0,30,0,F0,0.1,3
10020763,tornado,0,0,0,0,25000,0,F1,0.1,7
10020759,tornado,3,0,0,0,25000,0,F1,0.1,13
10123254,tornado,0,0,0,0,25000,0,F1,0.2,40
10105646,tornado,0,0,0,0,30,0,F0,0.0,33
10105653,tornado,0,0,0,0,250000,0,F1,0.5,50
10105655,tornado,0,0,0,0,2500,0,F0,0.0,33
10105656,tornado,0,0,0,0,250000,0,F1,0.5,50
10012938,tornado,0,0,0,0,25000,0,F1,3.0,40
10012940,tornado,0,0,0,0,25000,0,F1,0.0,33
10021954,tornado,0,0,0,0,250000,0,F1,3.0,17
10012942,tornado,0,0,0,0,25000,0,F1,0.0,33
10021959,tornado,0,0,0,0,25000,0,F1,1.0,100
10105659,tornado,0,0,0,0,30,0,F0,0.0,33
10105661,tornado,0,0,0,0,30,0,F0,4.0,10
10014025,tornado,0,0,0,0,250,0,F0,0.0,33
10012922,tornado,0,0,0,0,2500,0,F1,2.0,100
10012924,tornado,0,0,0,0,25000,0,F1,0.5,50
9983590,tornado,0,0,0,0,30,0,F0,0.0,33
9983636,tornado,0,0,1,0,250000,0,F2,4.5,67
10151065,tornado,0,0,0,0,30,0,F0,1.0,50
10047813,tornado,0,0,0,0,250000,0,F2,3.0,800
10149262,tornado,0,0,0,0,250000,0,F1,2.0,67
9998632,tornado,0,0,0,0,25000,0,F1,0.5,20
9998666,tornado,3,0,0,0,250000,0,F2,4.0,17
10161642,tornado,0,0,0,0,250,0,F1,10.0,167
10161647,tornado,0,0,0,0,30,0,F0,0.5,3
10161648,tornado,0,0,0,0,30,0,F0,0.5,3
10126849,tornado,0,0,0,0,30,0,F0,0.1,10
10160138,tornado,0,0,0,0,30,0,F0,0.1,3
10160139,tornado,1,0,0,0,25000,0,F2,7.0,33
10160140,tornado,3,0,0,0,25000,0,F1,7.0,33
10160141,tornado,0,0,0,0,30,0,F0,6.0,33
10160142,tornado,3,0,0,0,250000,0,F2,1.0,17
10160144,tornado,0,0,0,0,30,0,F0,1.0,17
10160145,tornado,0,0,0,0,30,0,F0,1.0,17
9990422,tornado,7,0,0,0,2500000,0,F3,10.0,250
9980185,tornado,0,0,0,0,2500000,0,F3,5.0,200
9992389,tornado,0,0,0,0,2500000,0,F2,10.0,1300
10007864,tornado,0,0,0,0,250,0,F1,1.2,7
10125694,tornado,0,0,0,0,30,0,F0,0.1,10
10125708,tornado,0,0,0,0,30,0,F0,0.1,10
9997144,tornado,0,0,0,0,25000,0,F1,0.2,20
9997146,tornado,0,0,0,0,25000,0,F2,2.0,33
10032494,tornado,4,0,0,0,250000,0,F2,12.0,30
10032496,tornado,1,0,0,0,250000,0,F2,10.0,30
10032498,tornado,3,0,0,0,250000,0,F2,7.0,30
10146522,tornado,0,0,0,0,25000,0,F1,0.1,10
10125729,tornado,0,0,0,0,30,0,F0,0.1,10
10125732,tornado,0,0,0,0,30,0,F0,0.1,10
10161636,tornado,0,0,0,0,30,0,F0,0.1,3
10161637,tornado,0,0,0,0,30,0,F0,0.1,3
10161638,tornado,0,0,0,0,30,0,F0,0.1,3
10161641,tornado,0,0,0,0,30,0,F0,0.1,3
10146529,tornado,0,0,0,0,30,0,F0,0.1,10
9990451,tornado,5,0,0,0,250000,0,F2,8.0,77
10152821,tornado,0,0,0,0,30,0,F0,0.1,10
10152831,tornado,0,0,0,0,25000,0,F0,0.5,17
10084665,tornado,0,0,0,0,25000,0,F2,7.0,440
10147351,tornado,0,0,0,0,2500000,0,F2,5.0,77
10131411,tornado,0,0,0,0,30,0,F0,0.1,7
10161865,tornado,0,0,0,0,250,0,F0,0.2,50
10045084,tornado,0,0,0,0,30,0,F1,0.2,10
10107912,tornado,0,0,0,0,30,0,F0,0.1,3
10107915,tornado,0,0,0,0,250000,0,F2,1.0,50
10107919,tornado,0,0,0,0,25000,0,F1,15.0,50
10107920,tornado,0,0,0,0,25000,0,F1,5.0,50
10107921,tornado,0,0,0,0,250000,0,F2,6.0,50
10119462,tornado,0,0,0,0,25000,0,F1,2.0,77
10152980,tornado,0,0,0,0,25000,0,F1,0.1,100
10050056,tornado,0,0,0,0,25000,0,F0,1.0,3
10161876,tornado,0,0,0,0,2500,0,F1,1.0,50
9999737,tornado,0,0,0,0,2500,0,F0,0.5,10
10125471,tornado,0,0,0,0,30,0,F0,0.1,10
10125472,tornado,0,0,0,0,30,0,F0,0.1,10
10125474,tornado,0,0,0,0,30,0,F0,0.1,10
10125477,tornado,0,0,0,0,30,0,F0,0.1,10
9992384,tornado,2,0,0,0,25000,0,F2,0.5,20
9992386,tornado,0,0,0,0,25000,0,F1,0.2,20
9992387,tornado,0,0,0,0,2500000,0,F2,1.0,150
9992388,tornado,0,0,0,0,2500,0,F0,0.1,20
9992390,tornado,0,0,0,0,2500,0,F0,0.1,150
9992391,tornado,0,0,0,0,2500,0,F1,0.2,33
9992393,tornado,0,0,0,0,2500,0,F0,0.1,33
10146401,tornado,0,0,1,0,250000,0,F1,2.5,17
10106790,tornado,0,0,0,0,25000,0,F1,20.0,50
10106792,tornado,0,0,0,0,30,0,F0,0.0,33
10106793,tornado,0,0,0,0,30,0,F0,0.0,33
10106794,tornado,0,0,0,0,30,0,F0,0.0,33
10106795,tornado,0,0,0,0,30,0,F0,0.0,33
10014018,tornado,0,0,0,0,250000,0,F2,2.0,80
10014019,tornado,0,0,0,0,250000,0,F2,11.0,80
10014022,tornado,0,0,0,0,2500,0,F1,0.2,33
10014024,tornado,0,0,0,0,30,0,F0,0.0,33
10129123,tornado,2,0,0,0,2500000,0,F2,19.0,120
9991306,tornado,1,0,0,0,25000,0,F1,5.0,20
9991308,tornado,0,0,0,0,25000,0,F0,0.0,33
9995961,tornado,0,0,0,0,25000,0,F1,6.0,70
9995962,tornado,0,0,0,0,2500000,0,F2,1.0,100
9995963,tornado,1,0,0,0,2500000,0,F2,7.0,100
9995964,tornado,0,0,0,0,25000,0,F1,0.5,40
9995968,tornado,0,0,0,0,2500,0,F0,0.2,10
9995969,tornado,0,0,0,0,25000,0,F0,1.0,30
9995970,tornado,5,0,0,0,2500000,0,F2,1.0,400
9995973,tornado,5,0,0,0,250000,0,F2,5.0,300
9995974,tornado,0,0,0,0,250,0,F0,0.2,10
9995975,tornado,0,0,0,0,250,0,F1,0.3,20
10130276,tornado,0,0,0,0,25000,0,F3,15.0,150
10130279,tornado,0,0,0,0,30,0,F0,0.1,10
10127743,tornado,0,0,0,0,30,0,F0,0.1,10
10127744,tornado,0,0,0,0,25000,0,F1,0.1,10
10031393,tornado,4,0,0,0,2500000,0,F2,12.0,33
10031394,tornado,0,0,0,0,2500000,0,F2,4.0,33
10130585,tornado,0,0,0,0,250000,0,F2,5.2,100
10130586,tornado,0,0,0,0,30,0,F0,0.1,3
10004526,tornado,1,0,0,0,25000,0,F2,0.0,33
10004532,tornado,3,0,1,0,2500000,0,F2,0.8,100
10004533,tornado,0,0,0,0,250000,0,F1,0.0,33
9999767,tornado,0,0,0,0,30,0,F0,0.5,7
9999768,tornado,0,0,0,0,2500,0,F0,0.8,10
9999770,tornado,0,0,0,0,25000,0,F0,0.5,17
10129477,tornado,0,0,0,0,250000,0,F2,15.0,30
10129478,tornado,0,0,0,0,30,0,F0,0.3,10
10129125,tornado,0,0,0,0,30,0,F1,1.0,50
10129127,tornado,3,0,0,0,250000,0,F3,9.0,100
10129128,tornado,0,0,0,0,250,0,F1,10.0,73
10129129,tornado,0,0,0,0,250000,0,F2,5.0,80
10129131,tornado,0,0,0,0,250,0,F1,2.0,50
10129132,tornado,0,0,0,0,250000,0,F1,3.0,50
10129134,tornado,0,0,0,0,30,0,F1,0.1,7
10129138,tornado,0,0,0,0,250,0,F1,4.0,50
10129139,tornado,0,0,0,0,30,0,F1,1.5,40
10129143,tornado,0,0,0,0,25000,0,F1,6.0,50
10129148,tornado,0,0,0,0,30,0,F0,5.0,40
10130003,tornado,0,0,0,0,30,0,F0,2.0,40
10130005,tornado,0,0,0,0,2500,0,F1,6.0,50
10130006,tornado,0,0,0,0,250000,0,F2,20.0,73
9999780,tornado,0,0,0,0,2500,0,F1,0.4,20
9999774,tornado,0,0,0,0,250000,0,F1,0.8,17
9999776,tornado,7,0,1,0,250000,0,F2,4.0,60
9999778,tornado,0,0,0,0,2500000,0,F1,0.4,17
10129479,tornado,0,0,0,0,250000,0,F2,3.0,30
10129481,tornado,0,0,0,0,250000,0,F2,5.0,30
10129485,tornado,0,0,0,0,30,0,F0,0.1,7
10129487,tornado,0,0,0,0,30,0,F0,0.1,7
9997082,tornado,0,0,0,0,250000,0,F1,2.0,30
10128869,tornado,0,0,0,0,250000,0,F1,2.0,77
10128870,tornado,0,0,0,0,30,0,F0,0.1,10
10130582,tornado,10,0,0,0,250000,0,F2,7.0,100
10021828,tornado,0,0,0,0,2500000,0,F2,2.0,600
10021829,tornado,3,0,0,0,2500000,0,F2,15.0,600
10130583,tornado,0,0,0,0,30,0,F0,0.1,3
9999786,tornado,0,0,0,0,25000,0,F1,0.1,10
9998665,tornado,1,0,1,0,250000,0,F2,4.0,17
10131332,tornado,0,0,0,0,2500000,0,F1,7.0,40
10131333,tornado,0,0,0,0,250000,0,F2,0.5,37
10131334,tornado,0,0,0,0,30,0,F1,0.7,27
10131335,tornado,0,0,0,0,25000,0,F1,0.4,40
10130581,tornado,0,0,0,0,250000,0,F2,15.0,67
10128340,tornado,0,0,0,0,250000,0,F2,3.0,100
10128344,tornado,0,0,0,0,25000,0,F1,0.6,83
10127961,tornado,0,0,0,0,25000,0,F0,0.1,10
10127964,tornado,0,0,0,0,30,0,F0,0.1,20
10021825,tornado,0,0,0,0,25000,0,F1,0.0,33
10130232,tornado,0,0,0,0,25000,0,F1,1.5,30
10128753,tornado,0,0,0,0,2500000,0,F3,10.0,150
10128754,tornado,170,0,10,0,25000000,0,F4,17.0,250
10128755,tornado,0,0,0,0,25000,0,F1,1.0,50
10129448,tornado,0,0,0,0,30,0,F0,0.1,7
10129449,tornado,0,0,0,0,30,0,F0,0.3,10
10127967,tornado,0,0,0,0,30,0,F0,0.1,20
10127970,tornado,0,0,0,0,30,0,F0,0.1,10
10130237,tornado,0,0,0,0,25000,0,F1,0.2,20
10129463,tornado,0,0,0,0,30,0,F0,0.2,10
10129465,tornado,0,0,0,0,30,0,F0,0.4,13
10129466,tornado,0,0,0,0,30,0,F0,0.4,10
10129472,tornado,0,0,0,0,30,0,F0,0.2,7
10129474,tornado,0,0,0,0,30,0,F0,0.1,7
10129475,tornado,0,0,0,0,2500,0,F1,1.0,50
10147347,tornado,0,0,0,0,2500000,0,F2,5.0,200
10147348,tornado,0,0,0,0,25000,0,F1,0.5,33
10131729,tornado,0,0,0,0,2500,0,F1,0.6,33
10131738,tornado,0,0,0,0,25000,0,F1,0.3,40
10127990,tornado,1,0,0,0,250000,0,F1,2.0,50
10127992,tornado,0,0,0,0,250000,0,F1,1.0,50
10127996,tornado,0,0,0,0,30,0,F0,0.2,20
10129088,tornado,0,0,0,0,30,0,F0,0.1,7
10129089,tornado,0,0,0,0,30,0,F0,0.1,7
10129091,tornado,6,0,0,0,2500000,0,F2,8.0,150
10129092,tornado,2,0,0,0,250000,0,F3,5.0,100
10129093,tornado,0,0,0,0,2500,0,F3,4.0,100
10129094,tornado,0,0,0,0,250000,0,F1,0.6,30
10129095,tornado,0,0,0,0,250,0,F1,8.0,100
10129098,tornado,0,0,0,0,30,0,F0,0.1,10
10129099,tornado,0,0,0,0,2500,0,F1,2.0,50
10129100,tornado,0,0,0,0,25000,0,F2,6.0,100
10129101,tornado,0,0,0,0,25000,0,F1,4.0,73
10129104,tornado,0,0,0,0,25000,0,F1,3.0,73
10131710,tornado,0,0,0,0,2500,0,F0,0.1,3
10131287,tornado,0,0,0,0,30,0,F1,3.0,50
9989761,tornado,0,0,0,0,2500,0,F0,0.5,60
9989766,tornado,0,0,0,0,250,0,F0,0.4,20
9989773,tornado,7,0,1,0,250000,0,F3,16.5,150
9989775,tornado,0,0,0,0,25000,0,F2,0.5,50
9989776,tornado,0,0,0,0,250000,0,F4,5.0,440
9989777,tornado,5,0,0,0,250000,0,F4,15.0,440
9989778,tornado,0,0,0,0,250000,0,F1,0.5,30
10131370,tornado,0,0,0,0,25000,0,F1,0.8,30
10131371,tornado,0,0,0,0,30,0,F0,0.1,10
10131372,tornado,0,0,0,0,30,0,F0,0.1,7
10131340,tornado,0,0,0,0,30,0,F0,0.2,20
10131341,tornado,0,0,0,0,30,0,F0,0.1,10
10129109,tornado,0,0,0,0,25000,0,F2,4.0,100
10129110,tornado,0,0,0,0,25000,0,F2,10.0,100
10129114,tornado,0,0,0,0,250,0,F1,7.0,73
10129115,tornado,0,0,0,0,30,0,F1,0.2,7
10129116,tornado,0,0,0,0,30,0,F1,0.1,7
10129118,tornado,0,0,0,0,30,0,F0,0.1,10
10129120,tornado,0,0,0,0,250,0,F1,4.0,50
10129121,tornado,0,0,0,0,250000,0,F3,4.0,100
10129439,tornado,0,0,0,0,30,0,F0,0.2,10
10129444,tornado,0,0,0,0,30,0,F0,0.2,10
10131377,tornado,0,0,0,0,30,0,F0,0.2,10
10131380,tornado,0,0,0,0,250000,0,F3,1.5,587
10131381,tornado,0,0,0,0,2500000,0,F3,4.0,880
10131362,tornado,0,0,0,0,30,0,F0,0.3,20
10131364,tornado,0,0,0,0,30,0,F0,0.2,20
10147349,tornado,0,0,0,0,2500000,0,F2,0.5,33
10147350,tornado,0,0,0,0,250000,0,F1,10.0,150
10147352,tornado,0,0,0,0,25000,0,F1,0.5,33
9990409,tornado,1,0,0,0,250000,0,F3,7.0,350
9990410,tornado,2,0,0,0,250000,0,F3,6.0,350
9990411,tornado,0,0,0,0,250000,0,F3,11.0,350
9990412,tornado,1,0,0,0,250000,0,F1,6.0,300
9990414,tornado,0,0,0,0,2500000,0,F3,17.0,300
9990415,tornado,7,0,0,0,2500000,0,F3,4.0,300
9990416,tornado,0,0,0,0,2500000,0,F3,4.0,300
9990417,tornado,0,0,0,0,2500000,0,F3,7.0,300
9990418,tornado,0,0,0,0,250000,0,F1,6.0,200
9990419,tornado,3,0,0,0,25000000,0,F3,9.0,250
9990420,tornado,0,0,0,0,2500000,0,F3,12.0,400
9990421,tornado,0,0,0,0,2500000,0,F3,11.0,400
9990424,tornado,0,0,0,0,30,0,F0,0.2,30
9990425,tornado,0,0,0,0,250000,0,F2,6.0,60
9990427,tornado,0,0,0,0,2500,0,F0,0.6,50
9990429,tornado,0,0,0,0,25000,0,F1,5.0,160
9990430,tornado,0,0,0,0,25000,0,F1,4.0,160
9990432,tornado,0,0,0,0,25000,0,F0,7.0,150
9990435,tornado,1,0,0,0,25000,0,F1,0.3,140
10131556,tornado,0,0,0,0,250000,0,F2,2.0,100
10131557,tornado,0,0,0,0,2500,0,F1,5.0,100
10030240,tornado,1,0,0,0,250000,0,F2,4.0,400
10128092,tornado,0,0,0,0,30,0,F0,0.1,3
10144584,tornado,0,0,0,0,2500,0,F0,1.0,27
10148132,tornado,2,0,0,0,250000,0,F1,8.0,33
10148135,tornado,0,0,0,0,250000,0,F1,10.0,33
10148137,tornado,0,0,0,0,250000,0,F1,10.0,33
10128096,tornado,0,0,0,0,30,0,F0,0.1,3
10144602,tornado,2,0,1,0,250000,0,F1,1.0,200
10144604,tornado,0,0,0,0,250000,0,F0,0.5,50
10144609,tornado,9,0,0,0,250000,0,F1,0.5,20
10148139,tornado,0,0,0,0,250000,0,F2,9.0,100
10148140,tornado,0,0,0,0,250000,0,F1,2.0,30
10148143,tornado,0,0,0,0,25000,0,F1,12.0,50
10148144,tornado,3,0,0,0,2500000,0,F2,9.0,200
10148150,tornado,0,0,0,0,2500,0,F0,0.1,10
9990401,tornado,0,0,0,0,250000,0,F3,1.0,500
9990402,tornado,0,0,0,0,250000,0,F2,19.0,220
9990403,tornado,0,0,0,0,250000,0,F2,5.0,220
9990404,tornado,0,0,0,0,250000,0,F2,10.0,220
9990406,tornado,28,0,1,0,25000000,0,F3,4.0,233
10127972,tornado,0,0,0,0,250000,0,F3,15.0,40
10127973,tornado,0,0,0,0,30,0,F0,0.1,10
10127977,tornado,0,0,0,0,2500,0,F1,2.0,880
10127978,tornado,0,0,0,0,250000,0,F1,3.0,60
10127980,tornado,0,0,0,0,250000,0,F1,16.0,60
10127981,tornado,0,0,0,0,30,0,F1,0.1,3
10127982,tornado,0,0,0,0,30,0,F1,0.2,7
10127985,tornado,0,0,0,0,30,0,F0,0.5,440
10144576,tornado,0,0,0,0,2500,0,F1,0.1,27
10030279,tornado,0,0,0,0,25000,0,F1,2.0,30
10010637,tornado,0,0,0,0,250000,0,F2,0.0,33
10010638,tornado,0,0,0,0,250000,0,F2,0.0,33
10010639,tornado,0,0,0,0,250000,0,F2,0.0,33
10146400,tornado,0,0,0,0,250000,0,F1,2.5,17
10141015,tornado,0,0,0,0,2500,0,F1,5.0,50
10141016,tornado,0,0,0,0,25000,0,F2,10.0,123
9997118,tornado,0,0,0,0,25000,0,F1,0.3,100
10131131,tornado,0,0,0,0,30,0,F0,0.1,10
10131132,tornado,0,0,0,0,30,0,,0.1,10
10030251,tornado,8,0,0,0,25000000,0,F2,1.0,30
10030252,tornado,0,0,0,0,2500000,0,F2,10.0,200
10030253,tornado,0,0,0,0,2500000,0,F2,10.0,200
10130591,tornado,0,0,0,0,30,0,F0,0.5,50
10130595,tornado,0,0,0,0,25000,0,F1,3.0,50
10131291,tornado,0,0,0,0,30,0,F1,6.0,50
10131292,tornado,0,0,0,0,30,0,F1,2.0,50
10131302,tornado,0,0,0,0,250000,0,F1,0.0,33
10013802,tornado,0,0,0,0,25000,0,F1,1.2,17
10131305,tornado,0,0,0,0,250,0,F1,0.2,20
10131307,tornado,0,0,0,0,30,0,F0,0.1,20
10131308,tornado,0,0,0,0,30,0,F0,0.6,20
10131309,tornado,0,0,0,0,30,0,F0,0.2,10
10013803,tornado,0,0,0,0,25000,0,F1,0.6,10
10013804,tornado,0,0,0,0,25000,0,F1,4.0,30
10128348,tornado,0,0,0,0,30,0,F1,2.0,50
10128366,tornado,0,0,0,0,30,0,F0,1.0,27
10131283,tornado,0,0,0,0,25000,0,F1,4.0,77
10131284,tornado,0,0,0,0,250000,0,F2,1.0,100
10131285,tornado,0,0,0,0,250000,0,F2,12.0,100
10128016,tornado,0,0,0,0,250,0,F2,6.0,100
10128017,tornado,17,0,0,0,2500000,0,F2,15.0,100
10128018,tornado,0,0,0,0,250000,0,F1,1.0,100
10128021,tornado,0,0,0,0,250,0,F0,0.1,20
10128776,tornado,0,0,0,0,30,0,F0,0.0,33
10144354,tornado,0,0,0,0,30,0,F0,0.2,27