injuries_direct,deaths_direct,event_latitude,event_longitude,event_range,event_type,event_begin_time,event_end_time,damage_property,source,rn
5,0,35.2174,-111.7912,2.36,hail,2024-10-18T07:00:00,2024-10-18T07:10:00,0,NWS Employee,1
5,0,35.1951,-111.7083,3.31,hail,2024-10-18T07:00:00,2024-10-18T07:10:00,0,NWS Employee,2
2,0,43.2988,-111.1497,5,hail,2024-08-10T12:36:00,2024-08-10T12:50:00,0,Public,3
4,0,43.3091,-111.1637,4,hail,2024-08-10T12:35:00,2024-08-10T12:45:00,0,Public,4
3,0,43.91,-116.81,4.18,hail,2024-06-26T13:00:00,2024-06-26T13:10:00,0,Emergency Manager,5
3,0,43.8909,-116.8086,5.5,hail,2024-06-26T13:00:00,2024-06-26T13:10:00,0,Emergency Manager,6
4,0,45.5158,-117.7235,7.9,hail,2022-08-11T14:30:00,2022-08-11T15:40:00,0,Trained Spotter,7
4,0,45.57,-117.53,0.69,hail,2022-08-11T14:30:00,2022-08-11T15:40:00,0,Trained Spotter,8
6,0,32.72,-100.9,0,hail,2021-05-16T19:50:00,2021-05-16T19:55:00,500000,Emergency Manager,9
1,0,44.0845,-103.48,1,hail,2020-08-08T16:10:00,2020-08-08T16:10:00,0,Public,10
1,0,38.82,-104.85,1.76,hail,2020-08-05T15:00:00,2020-08-05T15:03:00,0,Public,11
5,1,37.9539,-79.2083,1.56,hail,2020-04-07T21:19:00,2020-04-07T21:19:00,0,Broadcast Media,12
1,0,40.87,-124.12,1.57,hail,2019-02-04T10:35:00,2019-02-04T10:35:00,0,Law Enforcement,13
1,0,32.99,-111.5,1.8,hail,2018-10-21T16:28:00,2018-10-21T16:28:00,5000,Public,14
8,0,38.77,-104.86,4.67,hail,2018-08-06T14:50:00,2018-08-06T14:55:00,172800000,Broadcast Media,15
1,0,35.0873,-106.6043,2.59,hail,2018-07-30T19:23:00,2018-07-30T19:29:00,400000,Social Media,16
1,0,36.1593,-103.333,2.19,hail,2018-06-21T00:48:00,2018-06-21T00:55:00,5000,Department of Highways,17
1,0,34.63,-99.14,0,hail,2017-10-21T16:12:00,2017-10-21T16:12:00,0,Trained Spotter,18
1,0,33.82,-102.18,0.57,hail,2017-06-30T23:05:00,2017-06-30T23:30:00,3000000,Local Official,19
1,0,33.75,-102.09,1.5,hail,2017-06-30T23:05:00,2017-06-30T23:30:00,3000000,Local Official,20
10,0,35.0009,-105.4454,12.15,hail,2017-06-25T16:15:00,2017-06-25T16:25:00,1000000,Department of Highways,21
2,0,44.73,-97.03,0.69,hail,2017-06-22T02:20:00,2017-06-22T02:20:00,0,Emergency Manager,22
2,0,32.8522,-104.4637,4,hail,2016-09-17T15:00:00,2016-09-17T15:10:00,0,Trained Spotter,23
5,0,39.35,-101.71,0.53,hail,2016-09-15T16:37:00,2016-09-15T16:46:00,0,Public,24
2,0,47.37,-102.75,0.94,hail,2016-07-10T15:00:00,2016-07-10T15:30:00,20000000,Law Enforcement,25
1,0,41.16,-101.13,0.69,hail,2016-06-26T20:20:00,2016-06-26T20:20:00,0,Public,26
2,0,39.19,-95.57,0.69,hail,2016-05-26T13:45:00,2016-05-26T13:46:00,0,Public,27
9,0,36.21,-107.46,0,hail,2016-05-15T13:20:00,2016-05-15T13:35:00,50000,Newspaper,28
4,0,42.98,-102.62,4.75,hail,2014-08-17T16:50:00,2014-08-17T16:50:00,0,Law Enforcement,29
1,0,47.384,-116.7716,2.49,hail,2014-07-23T15:15:00,2014-07-23T15:53:00,200000,Public,30
1,0,47.978,-116.6982,1.94,hail,2014-07-23T15:15:00,2014-07-23T15:53:00,200000,Public,31
3,0,46.5834,-101.9847,14.2,hail,2014-07-05T16:55:00,2014-07-05T17:10:00,750000,Law Enforcement,32
3,0,46.6315,-101.7609,16.33,hail,2014-07-05T16:55:00,2014-07-05T17:10:00,750000,Law Enforcement,33
12,0,32.5,-99.66,2.23,hail,2014-06-12T16:55:00,2014-06-12T16:55:00,400000000,Amateur Radio,34
1,0,41.5931,-71.9704,0.69,hail,2014-05-25T14:25:00,2014-05-25T14:25:00,0,Amateur Radio,35
2,0,39.8055,-88.2974,1,hail,2014-05-21T15:25:00,2014-05-21T15:26:00,100000000,Emergency Manager,36
1,0,43.51,-96.77,1.22,hail,2013-08-31T21:08:00,2013-08-31T21:17:00,1000000,Trained Spotter,37
1,0,41.93,-74.92,0,hail,2013-05-22T12:35:00,2013-05-22T12:35:00,10000,Public,38
1,0,27.6,-98.41,0.61,hail,2013-03-31T19:36:00,2013-03-31T19:40:00,5250000,NWS Storm Survey,39
1,0,27.5902,-98.4073,1.03,hail,2013-03-31T19:36:00,2013-03-31T19:40:00,5250000,NWS Storm Survey,40
1,0,32.4705,-90.596,6.76,hail,2013-03-18T14:30:00,2013-03-18T15:05:00,200000000,Emergency Manager,41
1,0,32.2873,-90.1854,2.42,hail,2013-03-18T14:30:00,2013-03-18T15:05:00,200000000,Emergency Manager,42
3,0,38.33,-87.35,0,hail,2012-07-31T17:24:00,2012-07-31T17:27:00,0,Law Enforcement,43
3,0,38.3011,-87.35,2,hail,2012-07-31T17:24:00,2012-07-31T17:27:00,0,Law Enforcement,44
30,0,33.18,-81.19,0.58,hail,2012-07-01T18:36:00,2012-07-01T18:40:00,20000,Public,45
15,0,33.42,-82.38,0,hail,2012-07-01T15:26:00,2012-07-01T15:30:00,10000,Trained Spotter,46
1,0,32.7939,-96.6999,2.02,hail,2012-06-13T17:51:00,2012-06-13T17:51:00,1000000,Amateur Radio,47
1,0,38.5953,-90.5449,1.72,hail,2012-06-04T15:43:00,2012-06-04T15:45:00,0,Trained Spotter,48
1,0,38.5672,-90.5536,1.21,hail,2012-06-04T15:43:00,2012-06-04T15:45:00,0,Trained Spotter,49
1,0,32.17,-100.52,8.03,hail,2012-05-28T20:15:00,2012-05-28T20:18:00,0,Public,50
1,0,33.4805,-101.9536,4.05,hail,2012-04-14T21:00:00,2012-04-14T21:02:00,0,NWS Employee,51
1,0,36.43,-99.39,0,hail,2012-04-09T16:21:00,2012-04-09T16:21:00,0,Emergency Manager,52
1,0,37.42,-86.49,0.55,hail,2012-03-02T15:20:00,2012-03-02T15:20:00,0,Public,53
5,0,41.15,-95.72,0,hail,2011-08-18T16:40:00,2011-08-18T16:50:00,0,Newspaper,54
1,0,41.26,-96.01,0.86,hail,2011-08-18T16:10:00,2011-08-18T16:30:00,0,Trained Spotter,55
1,0,41.3018,-95.8914,0.46,hail,2011-08-18T16:10:00,2011-08-18T16:30:00,0,Trained Spotter,56
3,0,40.2,-100.62,0,hail,2011-08-09T15:40:00,2011-08-09T15:50:00,1000,Emergency Manager,57
1,0,45.3,-118.138,2.59,hail,2011-07-19T12:50:00,2011-07-19T13:00:00,200,Public,58
2,0,39.75,-104.6,0,hail,2011-07-13T20:40:00,2011-07-13T20:40:00,164800000,Broadcast Media,59
1,0,45.05,-94.31,2.13,hail,2011-07-01T16:05:00,2011-07-01T16:05:00,500,Trained Spotter,60
15,0,33.34,-89.16,1.5,hail,2011-06-16T15:44:00,2011-06-16T15:44:00,0,Public,61
2,0,39.65,-84.2424,2,hail,2011-05-25T18:11:00,2011-05-25T18:18:00,10000,Broadcast Media,62
2,0,39.6223,-84.1932,5,hail,2011-05-25T18:11:00,2011-05-25T18:18:00,10000,Broadcast Media,63
1,0,39.04,-95.62,2.07,hail,2011-05-21T17:40:00,2011-05-21T17:45:00,0,Public,64
1,0,33.2692,-111.9672,2.35,hail,2010-10-05T16:16:00,2010-10-05T17:10:00,1800000000,Trained Spotter,65
1,0,33.5855,-112.2288,1.18,hail,2010-10-05T16:16:00,2010-10-05T17:10:00,1800000000,Trained Spotter,66
1,0,47.55,-101.57,7.85,hail,2010-07-26T18:55:00,2010-07-26T19:09:00,45000,Newspaper,67
5,0,43.92,-100.28,0,hail,2010-07-23T17:05:00,2010-07-23T17:05:00,0,NWS Storm Survey,68
1,0,45.0214,-103.5489,6.81,hail,2010-07-19T14:30:00,2010-07-19T14:30:00,3000,Law Enforcement,69
1,0,43.9254,-91.4372,1.86,hail,2010-07-17T17:20:00,2010-07-17T17:20:00,0,Public,70
2,0,46.28,-100.63,7.84,hail,2010-07-13T22:40:00,2010-07-13T22:55:00,1500000,NWS Storm Survey,71
1,0,35.86,-101.97,0.69,hail,2010-06-12T18:30:00,2010-06-12T18:32:00,0,Public,72
1,0,43.25,-99.72,0,hail,2010-05-29T18:00:00,2010-05-29T18:00:00,600000,Trained Spotter,73
21,0,35.5655,-97.574,1.39,hail,2010-05-16T14:55:00,2010-05-16T15:00:00,0,Public,74
6,0,41.74,-92.72,0.86,hail,2010-04-06T17:02:00,2010-04-06T17:02:00,500000,Law Enforcement,75
2,0,27.2019,-80.2851,1.77,hail,2010-02-24T12:35:00,2010-02-24T12:35:00,0,Emergency Manager,76
10,0,31.7323,-106.2845,5.76,hail,2009-09-16T15:50:00,2009-09-16T16:05:00,100000000,Newspaper,77
22,0,42.36,-93.1,0.69,hail,2009-08-09T09:40:00,2009-08-09T09:40:00,20000000,Trained Spotter,78
1,0,44.4921,-108.0521,0.55,hail,2009-08-07T16:10:00,2009-08-07T16:15:00,75000,Trained Spotter,79
7,0,37.87,-104.15,25.96,hail,2009-07-29T14:26:00,2009-07-29T14:36:00,90000000,Public,80
20,0,37.6819,-97.3732,2.67,hail,2009-07-08T20:29:00,2009-07-08T21:10:00,10000000,Broadcast Media,81
20,0,37.678,-97.2508,1.52,hail,2009-07-08T20:29:00,2009-07-08T21:10:00,10000000,Broadcast Media,82
1,0,36.21,-100.56,16.86,hail,2009-06-15T16:32:00,2009-06-15T16:32:00,0,Trained Spotter,83
1,0,36.86,-101.21,0.88,hail,2009-06-13T19:45:00,2009-06-13T19:45:00,8000,Emergency Manager,84
1,0,37.72,-99.94,0.55,hail,2009-06-09T17:00:00,2009-06-09T17:00:00,0,Public,85
1,0,39.91,-94.08,2.33,hail,2009-06-07T20:03:00,2009-06-07T20:13:00,500000,Amateur Radio,86
3,0,33.5073,-101.9112,4.46,hail,2009-04-16T15:40:00,2009-04-16T15:40:00,20000000,Public,87
1,0,31.9975,-102.1532,4.29,hail,2009-04-11T18:12:00,2009-04-11T18:14:00,161200000,Public,88
1,0,34.5714,-86.2214,1.22,hail,2009-04-10T13:55:00,2009-04-10T13:56:00,0,Newspaper,89
1,0,38.22,-89.98,0,hail,2009-03-08T10:20:00,2009-03-08T10:20:00,0,Trained Spotter,90
2,0,33.7572,-116.6904,1.77,hail,2008-08-30T13:35:00,2008-08-30T14:00:00,0,Public,91
2,0,33.7742,-116.694,2.24,hail,2008-08-30T13:35:00,2008-08-30T14:00:00,0,Public,92
1,0,43.7727,-111.0338,1.58,hail,2008-07-22T17:55:00,2008-07-22T17:55:00,0,COOP Observer,93
1,0,43.7522,-110.7251,1.98,hail,2008-07-22T16:15:00,2008-07-22T16:25:00,0,Trained Spotter,94
1,0,38.02,-94.12,0,hail,2008-06-02T12:50:00,2008-06-02T12:50:00,0,Emergency Manager,95
1,0,40.0134,-91.7128,1,hail,2008-05-30T16:12:00,2008-05-30T16:12:00,0,NWS Storm Survey,96
1,0,40.0145,-91.72,1,hail,2008-05-30T16:11:00,2008-05-30T16:11:00,0,NWS Storm Survey,97
2,1,39.0912,-118.7814,16.13,hail,2008-05-27T13:08:00,2008-05-27T13:08:00,5000,Newspaper,98
1,0,33.18,-81.18,0,hail,2008-05-20T16:00:00,2008-05-20T16:20:00,0,Law Enforcement,99
1,0,33.129,-81.02,2,hail,2008-05-20T16:00:00,2008-05-20T16:20:00,0,Law Enforcement,100
1,0,32.8161,-98.1241,1.79,hail,2008-04-17T17:38:00,2008-04-17T17:38:00,10000000,Newspaper,101
1,0,32.8179,-98.0238,3.75,hail,2008-04-17T17:38:00,2008-04-17T17:38:00,10000000,Newspaper,102
1,0,32.6,-94.76,1.5,hail,2008-04-08T23:45:00,2008-04-08T23:45:00,0,Public,103
1,0,38.08,-89.93,0,hail,2008-01-29T15:00:00,2008-01-29T15:00:00,0,Trained Spotter,104
1,0,38.08,-89.9116,1,hail,2008-01-29T15:00:00,2008-01-29T15:00:00,0,Trained Spotter,105
1,0,36.2355,-99.88,1,hail,2007-09-26T17:16:00,2007-09-26T17:16:00,15000,Public,106
1,0,47.1012,-107.87,7,hail,2007-07-01T16:00:00,2007-07-01T16:00:00,0,Public,107
20,0,45.62,-94.2,0,hail,2007-06-20T16:25:00,2007-06-20T16:32:00,7000000,Emergency Manager,108
1,0,27.48,-82.72,0,hail,2007-06-08T16:29:00,2007-06-08T16:29:00,0,Law Enforcement,109
1,0,44.52,-89.57,0,hail,2007-06-07T15:43:00,2007-06-07T15:43:00,0,Law Enforcement,110
1,0,47.48,-100.45,0,hail,2007-05-21T17:20:00,2007-05-21T17:25:00,0,COOP Observer,111
1,0,40,-82.61,3,hail,2006-10-04T18:15:00,2006-10-04T18:30:00,100000000,Emergency Manager,112
1,0,40,-82.67,0,hail,2006-10-04T18:15:00,2006-10-04T18:30:00,100000000,Emergency Manager,113
1,0,44.7,-120.35,18,hail,2006-06-12T15:30:00,2006-06-12T15:30:00,0,GENERAL PUBLIC,114
9,0,33.86667,-80.35,4,hail,2006-06-04T22:49:00,2006-06-04T22:49:00,0,GENERAL PUBLIC,115
2,0,43.5,-93.06667,8,hail,2006-05-29T14:25:00,2006-05-29T14:25:00,1000,GENERAL PUBLIC,116
1,0,29.83333,-97.96667,6,hail,2006-04-20T15:55:00,2006-04-20T16:20:00,100000000,NWS STORM SURVEY,117
1,0,29.86667,-97.93333,6,hail,2006-04-20T15:55:00,2006-04-20T16:20:00,100000000,NWS STORM SURVEY,118
1,0,35.85,-86.38333,2,hail,2006-04-07T15:00:00,2006-04-07T15:00:00,0,GENERAL PUBLIC,119
1,0,29.55,-103,25,hail,2005-05-13T17:55:00,2005-05-13T17:58:00,5000,OFFICIAL NWS OBS.,120
1,0,40.15,-97.86667,3,hail,2005-04-18T18:37:00,2005-04-18T18:37:00,100000,EMERGENCY MANAGER,121
1,0,32.33333,-90.6,3,hail,2005-03-26T17:45:00,2005-03-26T18:08:00,300000,NWS STORM SURVEY,122
1,0,32.33333,-90.33333,3,hail,2005-03-26T17:45:00,2005-03-26T18:08:00,300000,NWS STORM SURVEY,123
1,0,31.86667,-89.55,5,hail,2005-03-13T17:55:00,2005-03-13T18:27:00,20000000,EMERGENCY MANAGER,124
1,0,45.25,-83.75,2,hail,2004-07-13T17:02:00,2004-07-13T17:20:00,3500000,GENERAL PUBLIC,125
1,0,45.33333,-83.68333,2,hail,2004-07-13T17:02:00,2004-07-13T17:20:00,3500000,GENERAL PUBLIC,126
1,0,48.16667,-106.63333,2,hail,2003-08-09T10:25:00,2003-08-09T10:25:00,0,TRAINED SPOTTER,127
1,0,47.9,-91.35,20,hail,2003-07-19T16:00:00,2003-07-19T16:00:00,100000,NEWSPAPER,128
88,0,42.18333,-94.95,2,hail,2003-05-13T18:10:00,2003-05-13T18:10:00,2000,TRAINED SPOTTER,129
1,0,34.76667,-100.21667,6,hail,2003-05-03T18:10:00,2003-05-03T18:10:00,0,OFFICIAL NWS OBS.,130
3,0,33.21667,-93.16667,5,hail,2003-05-02T22:55:00,2003-05-02T22:55:00,0,TRAINED SPOTTER,131
1,0,34.8,-82.46667,5,hail,2003-05-02T14:55:00,2003-05-02T14:55:00,0,GENERAL PUBLIC,132
3,0,32.86667,-97.36667,3,hail,2003-04-05T23:45:00,2003-04-05T23:45:00,0,EMERGENCY MANAGER,133
3,0,33,-99.78333,2,hail,2003-04-05T17:00:00,2003-04-05T17:00:00,80000,NEWSPAPER,134
10,0,29.38333,-98.2,12,hail,2002-12-23T19:09:00,2002-12-23T19:35:00,300000,LAW ENFORCEMENT,135
10,0,29.23333,-97.95,12,hail,2002-12-23T19:09:00,2002-12-23T19:35:00,300000,LAW ENFORCEMENT,136
1,0,43.11667,-99.2,1,hail,2002-08-09T16:50:00,2002-08-09T17:00:00,100000,NEWSPAPER,137
1,0,43.11667,-99.16667,1,hail,2002-08-09T16:50:00,2002-08-09T17:00:00,100000,NEWSPAPER,138
2,0,44.31667,-97.43333,5,hail,2002-07-28T12:45:00,2002-07-28T12:45:00,500000,NEWSPAPER,139
1,0,31.98333,-98.95,10,hail,2002-05-08T16:24:00,2002-05-08T16:24:00,10000,FIRE DEPT/RESCUE SQUAD,140
1,0,36.93333,-84.83333,7,hail,2002-04-28T12:34:00,2002-04-28T12:34:00,500,FIRE DEPT/RESCUE SQUAD,141
2,0,44.61667,-103.86667,3,hail,2001-07-23T21:30:00,2001-07-23T22:00:00,0,GENERAL PUBLIC,142
2,0,44.63333,-103.85,3,hail,2001-07-23T21:30:00,2001-07-23T22:00:00,0,GENERAL PUBLIC,143
3,0,40.78333,-99.58333,8,hail,2001-04-10T07:25:00,2001-04-10T07:25:00,15000,NEWSPAPER,144
1,0,47.61667,-103.28333,13,hail,2000-07-06T18:05:00,2000-07-06T18:05:00,0,LAW ENFORCEMENT,145
2,0,34.13333,-79.83333,6,hail,2000-05-25T20:04:00,2000-05-25T20:29:00,30000000,AMATEUR RADIO,146
2,0,34.21667,-79.75,6,hail,2000-05-25T20:04:00,2000-05-25T20:29:00,30000000,AMATEUR RADIO,147
30,0,44,-87.98333,3,hail,2000-05-12T10:47:00,2000-05-12T11:04:00,46000000,LAW ENFORCEMENT,148
30,0,44.06667,-87.66667,3,hail,2000-05-12T10:47:00,2000-05-12T11:04:00,46000000,LAW ENFORCEMENT,149
4,0,43.96667,-89.13333,10,hail,2000-05-12T09:48:00,2000-05-12T10:00:00,1500000,EMERGENCY MANAGER,150
4,0,43.96667,-89,10,hail,2000-05-12T09:48:00,2000-05-12T10:00:00,1500000,EMERGENCY MANAGER,151
2,0,43.96667,-89.43333,6,hail,2000-05-12T09:30:00,2000-05-12T09:45:00,1000000,LAW ENFORCEMENT,152
2,0,43.96667,-89.16667,6,hail,2000-05-12T09:30:00,2000-05-12T09:45:00,1000000,LAW ENFORCEMENT,153
4,0,36.93333,-120.06667,2,hail,2000-02-27T14:17:00,2000-02-27T14:27:00,30000,TRAINED SPOTTER,154
4,0,36.95,-120.03333,2,hail,2000-02-27T14:17:00,2000-02-27T14:27:00,30000,TRAINED SPOTTER,155
2,0,34.65,-112.35,10,hail,1999-09-15T17:00:00,1999-09-15T17:00:00,18000000,TRAINED SPOTTER,156
1,0,44.3,-121.62,3,hail,1999-08-10T19:20:00,1999-08-10T19:20:00,0,GENERAL PUBLIC,157
3,0,39.27,-104.58,12,hail,1999-06-11T14:40:00,1999-06-11T15:40:00,3000000,TRAINED SPOTTER,158
1,0,30.88,-102.43,9,hail,1999-05-09T16:05:00,1999-05-09T16:05:00,0,GENERAL PUBLIC,159
2,0,34.22,-81.87,16,hail,1999-04-24T15:37:00,1999-04-24T16:20:00,2000000,NWS STORM SURVEY,160
1,0,44.72,-102.05,7,hail,1998-06-26T16:15:00,1998-06-26T16:15:00,0,LAW ENFORCEMENT,161
0,1,18.0823,-65.957,5.78,flash flood,2024-11-16T20:44:00,2024-11-16T22:00:00,60000,Public,1
0,1,18.0821,-65.9564,5.74,flash flood,2024-11-16T20:44:00,2024-11-16T22:00:00,60000,Public,2
0,1,18.082,-65.9565,5.74,flash flood,2024-11-16T20:44:00,2024-11-16T22:00:00,60000,Public,3
0,1,18.0821,-65.9571,5.78,flash flood,2024-11-16T20:44:00,2024-11-16T22:00:00,60000,Public,4
0,2,38.62,-90.36,0.54,flash flood,2024-11-04T23:00:00,2024-11-05T09:00:00,200000,Law Enforcement,5
0,2,38.55,-90.29,0.54,flash flood,2024-11-04T23:00:00,2024-11-05T09:00:00,200000,Law Enforcement,6
0,2,38.52,-90.45,0.69,flash flood,2024-11-04T23:00:00,2024-11-05T09:00:00,200000,Law Enforcement,7
0,2,38.5906,-90.4229,0.75,flash flood,2024-11-04T23:00:00,2024-11-05T09:00:00,200000,Law Enforcement,8
0,1,29.62,-98.86,7.51,flash flood,2024-11-04T21:20:00,2024-11-05T01:00:00,0,Broadcast Media,9
0,1,29.6269,-98.8604,7.89,flash flood,2024-11-04T21:20:00,2024-11-05T01:00:00,0,Broadcast Media,10
0,1,29.6264,-98.8676,7.64,flash flood,2024-11-04T21:20:00,2024-11-05T01:00:00,0,Broadcast Media,11
0,1,29.6173,-98.8669,7.13,flash flood,2024-11-04T21:20:00,2024-11-05T01:00:00,0,Broadcast Media,12
0,1,37.69,-90.66,1.76,flash flood,2024-11-04T07:52:00,2024-11-04T14:13:00,60000,Law Enforcement,13
0,1,37.61,-90.63,0.69,flash flood,2024-11-04T07:52:00,2024-11-04T14:13:00,60000,Law Enforcement,14
0,1,37.59,-90.64,0.88,flash flood,2024-11-04T07:52:00,2024-11-04T14:13:00,60000,Law Enforcement,15
0,1,37.36,-90.67,2.76,flash flood,2024-11-04T07:52:00,2024-11-04T14:13:00,60000,Law Enforcement,16
0,1,33.4079,-104.5705,3.49,flash flood,2024-10-19T18:44:00,2024-10-20T02:30:00,500000000,Emergency Manager,17
0,1,33.3794,-104.5708,2.93,flash flood,2024-10-19T18:44:00,2024-10-20T02:30:00,500000000,Emergency Manager,18
0,1,33.355,-104.5518,2.52,flash flood,2024-10-19T18:44:00,2024-10-20T02:30:00,500000000,Emergency Manager,19
0,1,33.3559,-104.4972,2.12,flash flood,2024-10-19T18:44:00,2024-10-20T02:30:00,500000000,Emergency Manager,20
0,1,33.4274,-104.4973,3.53,flash flood,2024-10-19T18:44:00,2024-10-20T02:30:00,500000000,Emergency Manager,21
0,1,33.4395,-104.5501,4.46,flash flood,2024-10-19T18:44:00,2024-10-20T02:30:00,500000000,Emergency Manager,22
0,2,36.1647,-82.489,1.5,flash flood,2024-09-27T10:08:00,2024-09-28T07:00:00,39000000,County Official,23
0,2,36.1544,-82.4383,2.5,flash flood,2024-09-27T10:08:00,2024-09-28T07:00:00,39000000,County Official,24
0,2,36.18,-82.4431,1.5,flash flood,2024-09-27T10:08:00,2024-09-28T07:00:00,39000000,County Official,25
0,2,36.2201,-82.4494,3,flash flood,2024-09-27T10:08:00,2024-09-28T07:00:00,39000000,County Official,26
0,2,36.2234,-82.47,3,flash flood,2024-09-27T10:08:00,2024-09-28T07:00:00,39000000,County Official,27
0,2,36.1969,-82.6343,5,flash flood,2024-09-27T10:08:00,2024-09-28T07:00:00,39000000,County Official,28
0,2,36.13,-82.6,0,flash flood,2024-09-27T10:08:00,2024-09-28T07:00:00,39000000,County Official,29
0,1,36.379,-81.75,2,flash flood,2024-09-27T08:30:00,2024-09-28T06:00:00,6500000,County Official,30
0,1,36.35,-81.7275,1.25,flash flood,2024-09-27T08:30:00,2024-09-28T06:00:00,6500000,County Official,31
0,1,36.3392,-81.75,0.75,flash flood,2024-09-27T08:30:00,2024-09-28T06:00:00,6500000,County Official,32
0,1,36.3666,-81.7998,3,flash flood,2024-09-27T08:30:00,2024-09-28T06:00:00,6500000,County Official,33
0,9,36.15,-82.42,0,flash flood,2024-09-27T08:00:00,2024-09-28T06:00:00,9800000,Law Enforcement,34
0,9,36.05,-82.53,1.49,flash flood,2024-09-27T08:00:00,2024-09-28T06:00:00,9800000,Law Enforcement,35
0,9,36.02,-82.55,0,flash flood,2024-09-27T08:00:00,2024-09-28T06:00:00,9800000,Law Enforcement,36
0,9,36.02,-82.4605,5,flash flood,2024-09-27T08:00:00,2024-09-28T06:00:00,9800000,Law Enforcement,37
0,9,36.1032,-82.396,3.5,flash flood,2024-09-27T08:00:00,2024-09-28T06:00:00,9800000,Law Enforcement,38
0,9,36.1091,-82.3693,4,flash flood,2024-09-27T08:00:00,2024-09-28T06:00:00,9800000,Law Enforcement,39
0,9,36.15,-82.2766,8,flash flood,2024-09-27T08:00:00,2024-09-28T06:00:00,9800000,Law Enforcement,40
0,9,36.2,-82.35,0,flash flood,2024-09-27T08:00:00,2024-09-28T06:00:00,9800000,Law Enforcement,41
1,0,30.0049,-90.1161,3.24,flash flood,2024-09-11T20:00:00,2024-09-12T00:00:00,1000000,Emergency Manager,42
1,0,29.9665,-90.1175,1.55,flash flood,2024-09-11T20:00:00,2024-09-12T00:00:00,1000000,Emergency Manager,43
1,0,29.9356,-90.0916,1.11,flash flood,2024-09-11T20:00:00,2024-09-12T00:00:00,1000000,Emergency Manager,44
1,0,29.9841,-90.0355,2.5,flash flood,2024-09-11T20:00:00,2024-09-12T00:00:00,1000000,Emergency Manager,45
1,0,30.0126,-90.0611,1.93,flash flood,2024-09-11T20:00:00,2024-09-12T00:00:00,1000000,Emergency Manager,46
0,1,31.6707,-100.1768,4.89,flash flood,2024-09-03T14:20:00,2024-09-03T14:20:00,0,Law Enforcement,47
0,1,31.6705,-100.1799,4.87,flash flood,2024-09-03T14:20:00,2024-09-03T14:20:00,0,Law Enforcement,48
0,1,31.6723,-100.1798,5,flash flood,2024-09-03T14:20:00,2024-09-03T14:20:00,0,Law Enforcement,49
0,1,31.6725,-100.1771,5.01,flash flood,2024-09-03T14:20:00,2024-09-03T14:20:00,0,Law Enforcement,50
0,1,36.3166,-112.7613,6.89,flash flood,2024-08-22T12:00:00,2024-08-22T23:00:00,1000000,Other Federal Agency,51
0,1,36.3051,-112.7731,6.6,flash flood,2024-08-22T12:00:00,2024-08-22T23:00:00,1000000,Other Federal Agency,52
0,1,36.2156,-112.7139,1.26,flash flood,2024-08-22T12:00:00,2024-08-22T23:00:00,1000000,Other Federal Agency,53
0,1,36.155,-112.7371,5.58,flash flood,2024-08-22T12:00:00,2024-08-22T23:00:00,1000000,Other Federal Agency,54
0,1,36.1412,-112.5499,10.38,flash flood,2024-08-22T12:00:00,2024-08-22T23:00:00,1000000,Other Federal Agency,55
0,1,36.2941,-112.6816,4.54,flash flood,2024-08-22T12:00:00,2024-08-22T23:00:00,1000000,Other Federal Agency,56
2,0,37.3409,-113.0655,4.5,flash flood,2024-08-17T13:30:00,2024-08-17T16:30:00,0,Park/Forest Service,57
2,0,37.3382,-112.8867,6.86,flash flood,2024-08-17T13:30:00,2024-08-17T16:30:00,0,Park/Forest Service,58
2,0,37.1445,-112.8823,6.93,flash flood,2024-08-17T13:30:00,2024-08-17T16:30:00,0,Park/Forest Service,59
2,0,37.1496,-113.0649,1.64,flash flood,2024-08-17T13:30:00,2024-08-17T16:30:00,0,Park/Forest Service,60
1,0,18.01,-66.56,4.81,flash flood,2024-08-14T13:44:00,2024-08-14T13:44:00,1100,State Official,61
1,0,18.0026,-66.5599,5.13,flash flood,2024-08-14T13:44:00,2024-08-14T13:44:00,1100,State Official,62
1,0,18.0042,-66.5668,4.72,flash flood,2024-08-14T13:44:00,2024-08-14T13:44:00,1100,State Official,63
1,0,18.0107,-66.5632,4.62,flash flood,2024-08-14T13:44:00,2024-08-14T13:44:00,1100,State Official,64
1,1,35.0911,-106.5499,4.01,flash flood,2024-08-09T16:30:00,2024-08-09T17:25:00,0,Fire Department/Rescue,65
1,1,35.0913,-106.5518,3.95,flash flood,2024-08-09T16:30:00,2024-08-09T17:25:00,0,Fire Department/Rescue,66
1,1,35.0897,-106.5518,3.86,flash flood,2024-08-09T16:30:00,2024-08-09T17:25:00,0,Fire Department/Rescue,67
1,1,35.0891,-106.5498,3.92,flash flood,2024-08-09T16:30:00,2024-08-09T17:25:00,0,Fire Department/Rescue,68
0,1,44.3126,-72.2025,1.69,flash flood,2024-07-10T21:30:00,2024-07-11T00:30:00,3000000,Public,69
0,1,44.3361,-72.1375,1.17,flash flood,2024-07-10T21:30:00,2024-07-11T00:30:00,3000000,Public,70
0,1,44.3223,-72.0479,1.03,flash flood,2024-07-10T21:30:00,2024-07-11T00:30:00,3000000,Public,71
0,1,44.3034,-72.0364,0.71,flash flood,2024-07-10T21:30:00,2024-07-11T00:30:00,3000000,Public,72
0,1,44.2929,-72.0462,0.53,flash flood,2024-07-10T21:30:00,2024-07-11T00:30:00,3000000,Public,73
0,1,44.2832,-72.0702,0.91,flash flood,2024-07-10T21:30:00,2024-07-11T00:30:00,3000000,Public,74
0,1,44.477,-72.0941,0.56,flash flood,2024-07-10T21:30:00,2024-07-11T00:30:00,1000000,NWS Storm Survey,75
0,1,44.5639,-72.0749,1.14,flash flood,2024-07-10T21:30:00,2024-07-11T00:30:00,1000000,NWS Storm Survey,76
0,1,44.5521,-71.9523,2.36,flash flood,2024-07-10T21:30:00,2024-07-11T00:30:00,1000000,NWS Storm Survey,77
0,1,44.4653,-71.9712,1.46,flash flood,2024-07-10T21:30:00,2024-07-11T00:30:00,1000000,NWS Storm Survey,78
0,1,44.2528,-72.2967,3.66,flash flood,2024-07-10T20:26:00,2024-07-10T23:26:00,500000,CoCoRaHS,79
0,1,44.2681,-72.2504,2.82,flash flood,2024-07-10T20:26:00,2024-07-10T23:26:00,500000,CoCoRaHS,80
0,1,44.2359,-72.1937,1.14,flash flood,2024-07-10T20:26:00,2024-07-10T23:26:00,500000,CoCoRaHS,81
0,1,44.2131,-72.1878,0.77,flash flood,2024-07-10T20:26:00,2024-07-10T23:26:00,500000,CoCoRaHS,82
0,1,44.2062,-72.2441,1.79,flash flood,2024-07-10T20:26:00,2024-07-10T23:26:00,500000,CoCoRaHS,83
1,0,46.8407,-91.2172,2.6,flash flood,2024-06-19T01:00:00,2024-06-19T10:00:00,50000,Emergency Manager,84
1,0,46.8407,-91.2108,2.89,flash flood,2024-06-19T01:00:00,2024-06-19T10:00:00,50000,Emergency Manager,85
1,0,46.8357,-91.2158,2.59,flash flood,2024-06-19T01:00:00,2024-06-19T10:00:00,50000,Emergency Manager,86
1,0,46.8371,-91.2204,2.39,flash flood,2024-06-19T01:00:00,2024-06-19T10:00:00,50000,Emergency Manager,87
1,0,18.3995,-67.1609,19.32,flash flood,2024-05-09T07:45:00,2024-05-09T09:00:00,30000,Emergency Manager,88
1,0,18.3987,-67.1595,19.27,flash flood,2024-05-09T07:45:00,2024-05-09T09:00:00,30000,Emergency Manager,89
1,0,18.3968,-67.1605,19.13,flash flood,2024-05-09T07:45:00,2024-05-09T09:00:00,30000,Emergency Manager,90
1,0,18.398,-67.1626,19.21,flash flood,2024-05-09T07:45:00,2024-05-09T09:00:00,30000,Emergency Manager,91
0,1,18.3615,-66.99,3.15,flash flood,2024-05-08T15:15:00,2024-05-10T11:30:00,0,Emergency Manager,92
0,1,18.3594,-66.99,3.02,flash flood,2024-05-08T15:15:00,2024-05-10T11:30:00,0,Emergency Manager,93
0,1,18.3611,-66.9818,2.94,flash flood,2024-05-08T15:15:00,2024-05-10T11:30:00,0,Emergency Manager,94
0,1,18.3638,-66.9835,3.15,flash flood,2024-05-08T15:15:00,2024-05-10T11:30:00,0,Emergency Manager,95
0,1,38.7123,-83.589,2.31,flash flood,2024-05-04T18:45:00,2024-05-04T19:45:00,20000,Emergency Manager,96
0,1,38.7123,-83.5741,2.63,flash flood,2024-05-04T18:45:00,2024-05-04T19:45:00,20000,Emergency Manager,97
0,1,38.6929,-83.5717,1.77,flash flood,2024-05-04T18:45:00,2024-05-04T19:45:00,20000,Emergency Manager,98
0,1,38.6916,-83.5805,1.32,flash flood,2024-05-04T18:45:00,2024-05-04T19:45:00,20000,Emergency Manager,99
0,1,38.6942,-83.5858,1.24,flash flood,2024-05-04T18:45:00,2024-05-04T19:45:00,20000,Emergency Manager,100
1,0,18.1875,-66.3097,1.1,flash flood,2024-04-18T16:57:00,2024-04-18T19:00:00,6100,State Official,101
1,0,18.1868,-66.3088,1.17,flash flood,2024-04-18T16:57:00,2024-04-18T19:00:00,6100,State Official,102
1,0,18.1873,-66.3046,1.34,flash flood,2024-04-18T16:57:00,2024-04-18T19:00:00,6100,State Official,103
1,0,18.1874,-66.3048,1.32,flash flood,2024-04-18T16:57:00,2024-04-18T19:00:00,6100,State Official,104
1,0,18.0565,-66.7233,0.5,flash flood,2024-04-18T16:32:00,2024-04-18T18:00:00,6100,State Official,105
1,0,18.0566,-66.7232,0.5,flash flood,2024-04-18T16:32:00,2024-04-18T18:00:00,6100,State Official,106
1,0,18.0571,-66.7218,0.5,flash flood,2024-04-18T16:32:00,2024-04-18T18:00:00,6100,State Official,107
1,0,18.0569,-66.7186,0.49,flash flood,2024-04-18T16:32:00,2024-04-18T18:00:00,6100,State Official,108
1,0,18.0566,-66.7178,0.48,flash flood,2024-04-18T16:32:00,2024-04-18T18:00:00,6100,State Official,109
3,0,18.2473,-65.7863,4.15,flash flood,2024-04-08T17:39:00,2024-04-08T19:30:00,0,911 Call Center,110
3,0,18.2471,-65.786,4.12,flash flood,2024-04-08T17:39:00,2024-04-08T19:30:00,0,911 Call Center,111
3,0,18.2473,-65.7858,4.12,flash flood,2024-04-08T17:39:00,2024-04-08T19:30:00,0,911 Call Center,112
3,0,18.2475,-65.786,4.14,flash flood,2024-04-08T17:39:00,2024-04-08T19:30:00,0,911 Call Center,113
0,1,32.8267,-79.8187,0.69,flash flood,2023-12-17T12:50:00,2023-12-17T13:20:00,0,Broadcast Media,114
0,1,32.8303,-79.812,1.05,flash flood,2023-12-17T12:50:00,2023-12-17T13:20:00,0,Broadcast Media,115
0,1,32.8298,-79.8094,1.2,flash flood,2023-12-17T12:50:00,2023-12-17T13:20:00,0,Broadcast Media,116
0,1,32.8186,-79.8009,1.86,flash flood,2023-12-17T12:50:00,2023-12-17T13:20:00,0,Broadcast Media,117
0,1,32.8157,-79.8076,1.63,flash flood,2023-12-17T12:50:00,2023-12-17T13:20:00,0,Broadcast Media,118
0,1,32.8157,-79.809,1.57,flash flood,2023-12-17T12:50:00,2023-12-17T13:20:00,0,Broadcast Media,119
2,2,41.4781,-75.6831,0.58,flash flood,2023-09-09T18:34:00,2023-09-09T20:30:00,2500000,State Official,120
2,2,41.4763,-75.6864,0.55,flash flood,2023-09-09T18:34:00,2023-09-09T20:30:00,2500000,State Official,121
2,2,41.4726,-75.6861,0.36,flash flood,2023-09-09T18:34:00,2023-09-09T20:30:00,2500000,State Official,122
2,2,41.4748,-75.6793,0.33,flash flood,2023-09-09T18:34:00,2023-09-09T20:30:00,2500000,State Official,123
0,1,36.2992,-115.3447,9.74,flash flood,2023-09-02T12:45:00,2023-09-02T17:00:00,100000,Emergency Manager,124
0,1,36.3022,-115.0179,1.01,flash flood,2023-09-02T12:45:00,2023-09-02T17:00:00,100000,Emergency Manager,125
0,1,36.011,-114.9244,2.16,flash flood,2023-09-02T12:45:00,2023-09-02T17:00:00,100000,Emergency Manager,126
0,1,36.0038,-115.3584,3.95,flash flood,2023-09-02T12:45:00,2023-09-02T17:00:00,100000,Emergency Manager,127
0,1,36.3111,-115.3667,11.22,flash flood,2023-09-01T06:00:00,2023-09-01T19:00:00,500000,Broadcast Media,128
0,1,36.0133,-115.3557,3.54,flash flood,2023-09-01T06:00:00,2023-09-01T19:00:00,500000,Broadcast Media,129
0,1,36.0193,-114.9111,2.91,flash flood,2023-09-01T06:00:00,2023-09-01T19:00:00,500000,Broadcast Media,130
0,1,36.3106,-115.0008,0.74,flash flood,2023-09-01T06:00:00,2023-09-01T19:00:00,500000,Broadcast Media,131
0,1,36.1221,-115.1732,1.5,flash flood,2023-08-23T20:00:00,2023-08-23T21:00:00,100000,Public,132
0,1,36.1218,-115.1687,1.75,flash flood,2023-08-23T20:00:00,2023-08-23T21:00:00,100000,Public,133
0,1,36.1057,-115.1693,1.98,flash flood,2023-08-23T20:00:00,2023-08-23T21:00:00,100000,Public,134
0,1,36.1057,-115.1744,1.74,flash flood,2023-08-23T20:00:00,2023-08-23T21:00:00,100000,Public,135
2,0,18.4139,-66.0949,3.76,flash flood,2023-08-01T16:58:00,2023-08-01T16:58:00,3500,911 Call Center,136
2,0,18.4171,-66.0873,3.54,flash flood,2023-08-01T16:58:00,2023-08-01T16:58:00,3500,911 Call Center,137
2,0,18.4242,-66.0974,4.36,flash flood,2023-08-01T16:58:00,2023-08-01T16:58:00,3500,911 Call Center,138
2,0,18.4204,-66.1003,4.32,flash flood,2023-08-01T16:58:00,2023-08-01T16:58:00,3500,911 Call Center,139
0,2,39.3841,-85.0598,1.12,flash flood,2023-07-28T02:30:00,2023-07-28T04:30:00,200000,Emergency Manager,140
0,2,39.3906,-85.0669,1.01,flash flood,2023-07-28T02:30:00,2023-07-28T04:30:00,200000,Emergency Manager,141
0,2,39.4044,-85.0306,0.64,flash flood,2023-07-28T02:30:00,2023-07-28T04:30:00,200000,Emergency Manager,142
0,2,39.405,-85.0137,0.48,flash flood,2023-07-28T02:30:00,2023-07-28T04:30:00,200000,Emergency Manager,143
0,2,39.3968,-85.0211,0.23,flash flood,2023-07-28T02:30:00,2023-07-28T04:30:00,200000,Emergency Manager,144
0,1,38.3603,-84.1481,0.72,flash flood,2023-07-27T23:48:00,2023-07-28T00:30:00,0,Emergency Manager,145
0,1,38.3595,-84.1489,0.66,flash flood,2023-07-27T23:48:00,2023-07-28T00:30:00,0,Emergency Manager,146
0,1,38.3591,-84.1477,0.64,flash flood,2023-07-27T23:48:00,2023-07-28T00:30:00,0,Emergency Manager,147
0,1,38.3601,-84.1469,0.72,flash flood,2023-07-27T23:48:00,2023-07-28T00:30:00,0,Emergency Manager,148
1,1,35.957,-81.336,4.14,flash flood,2023-07-15T22:00:00,2023-07-16T00:00:00,10000,Fire Department/Rescue,149
1,1,35.933,-81.307,2.08,flash flood,2023-07-15T22:00:00,2023-07-16T00:00:00,10000,Fire Department/Rescue,150
1,1,35.936,-81.303,1.89,flash flood,2023-07-15T22:00:00,2023-07-16T00:00:00,10000,Fire Department/Rescue,151
1,1,35.951,-81.316,2.95,flash flood,2023-07-15T22:00:00,2023-07-16T00:00:00,10000,Fire Department/Rescue,152
1,1,35.958,-81.325,3.63,flash flood,2023-07-15T22:00:00,2023-07-16T00:00:00,10000,Fire Department/Rescue,153
0,7,40.3267,-74.9318,2.06,flash flood,2023-07-15T16:45:00,2023-07-15T20:00:00,0,Emergency Manager,154
0,7,40.3101,-74.8993,1.69,flash flood,2023-07-15T16:45:00,2023-07-15T20:00:00,0,Emergency Manager,155
0,7,40.2874,-74.8669,0.89,flash flood,2023-07-15T16:45:00,2023-07-15T20:00:00,0,Emergency Manager,156
0,7,40.2738,-74.8602,1.73,flash flood,2023-07-15T16:45:00,2023-07-15T20:00:00,0,Emergency Manager,157
0,7,40.2645,-74.9073,0.54,flash flood,2023-07-15T16:45:00,2023-07-15T20:00:00,0,Emergency Manager,158
0,7,40.319,-74.9535,0.87,flash flood,2023-07-15T16:45:00,2023-07-15T20:00:00,0,Emergency Manager,159
0,1,32.4701,-93.7794,1.38,flash flood,2023-06-03T17:09:00,2023-06-03T19:30:00,0,Law Enforcement,160
0,1,32.4704,-93.7795,1.36,flash flood,2023-06-03T17:09:00,2023-06-03T19:30:00,0,Law Enforcement,161
0,1,32.4704,-93.7803,1.32,flash flood,2023-06-03T17:09:00,2023-06-03T19:30:00,0,Law Enforcement,162
0,1,32.4699,-93.7803,1.34,flash flood,2023-06-03T17:09:00,2023-06-03T19:30:00,0,Law Enforcement,163
2,2,37.39,-92.62,0.69,flash flood,2023-03-23T23:03:00,2023-03-24T06:00:00,0,Fire Department/Rescue,164
2,2,37.3942,-92.6171,0.43,flash flood,2023-03-23T23:03:00,2023-03-24T06:00:00,0,Fire Department/Rescue,165
2,2,37.3946,-92.6244,0.44,flash flood,2023-03-23T23:03:00,2023-03-24T06:00:00,0,Fire Department/Rescue,166
2,2,37.3904,-92.6249,0.72,flash flood,2023-03-23T23:03:00,2023-03-24T06:00:00,0,Fire Department/Rescue,167
0,1,37.1,-92.92,0,flash flood,2023-03-23T21:48:00,2023-03-24T06:00:00,0,Law Enforcement,168
0,1,37.0949,-92.9171,0.39,flash flood,2023-03-23T21:48:00,2023-03-24T06:00:00,0,Law Enforcement,169
0,1,37.0928,-92.9229,0.53,flash flood,2023-03-23T21:48:00,2023-03-24T06:00:00,0,Law Enforcement,170
0,1,37.0989,-92.9253,0.3,flash flood,2023-03-23T21:48:00,2023-03-24T06:00:00,0,Law Enforcement,171
0,1,38.4913,-121.204,1.43,flash flood,2023-01-01T10:30:00,2023-01-01T23:59:00,0,Law Enforcement,172
0,1,38.3573,-121.3752,2.91,flash flood,2023-01-01T10:30:00,2023-01-01T23:59:00,0,Law Enforcement,173
0,1,38.3347,-121.3483,2.81,flash flood,2023-01-01T10:30:00,2023-01-01T23:59:00,0,Law Enforcement,174
0,1,38.468,-121.1667,2.22,flash flood,2023-01-01T10:30:00,2023-01-01T23:59:00,0,Law Enforcement,175
0,1,38.25,-121.37,3.41,flash flood,2023-01-01T06:00:00,2023-01-01T23:59:00,0,Law Enforcement,176
0,1,38.2507,-121.3582,2.89,flash flood,2023-01-01T06:00:00,2023-01-01T23:59:00,0,Law Enforcement,177
0,1,38.2406,-121.3569,3.16,flash flood,2023-01-01T06:00:00,2023-01-01T23:59:00,0,Law Enforcement,178
0,1,38.2378,-121.3889,4.62,flash flood,2023-01-01T06:00:00,2023-01-01T23:59:00,0,Law Enforcement,179
0,1,38.36,-121.32,1.48,flash flood,2023-01-01T01:00:00,2023-01-01T23:59:00,0,Law Enforcement,180
0,1,38.3323,-121.3414,2.4,flash flood,2023-01-01T01:00:00,2023-01-01T23:59:00,0,Law Enforcement,181
0,1,38.351,-121.3666,2.82,flash flood,2023-01-01T01:00:00,2023-01-01T23:59:00,0,Law Enforcement,182
0,1,38.4966,-121.2155,1.93,flash flood,2023-01-01T01:00:00,2023-01-01T23:59:00,0,Law Enforcement,183
0,1,38.4813,-121.175,1.32,flash flood,2023-01-01T01:00:00,2023-01-01T23:59:00,0,Law Enforcement,184
1,1,18.2313,-65.9085,0.96,flash flood,2022-11-10T14:00:00,2022-11-10T14:00:00,5000,Emergency Manager,185
1,1,18.2309,-65.9081,0.92,flash flood,2022-11-10T14:00:00,2022-11-10T14:00:00,5000,Emergency Manager,186
1,1,18.2311,-65.9077,0.92,flash flood,2022-11-10T14:00:00,2022-11-10T14:00:00,5000,Emergency Manager,187
1,1,18.2314,-65.9081,0.95,flash flood,2022-11-10T14:00:00,2022-11-10T14:00:00,5000,Emergency Manager,188
0,3,34.0787,-117.6301,1.29,flash flood,2022-11-08T07:00:00,2022-11-08T11:00:00,0,Fire Department/Rescue,189
0,3,34.0739,-117.6324,1.04,flash flood,2022-11-08T07:00:00,2022-11-08T11:00:00,0,Fire Department/Rescue,190
0,3,34.0699,-117.6287,1.22,flash flood,2022-11-08T07:00:00,2022-11-08T11:00:00,0,Fire Department/Rescue,191
0,3,34.0762,-117.6264,1.42,flash flood,2022-11-08T07:00:00,2022-11-08T11:00:00,0,Fire Department/Rescue,192
2,2,35.7724,-94.7558,2.07,flash flood,2022-11-04T18:00:00,2022-11-04T20:00:00,0,Broadcast Media,193
2,2,35.7996,-94.6925,3.76,flash flood,2022-11-04T18:00:00,2022-11-04T20:00:00,0,Broadcast Media,194
2,2,35.8501,-94.7172,4.55,flash flood,2022-11-04T18:00:00,2022-11-04T20:00:00,0,Broadcast Media,195
2,2,35.8499,-94.7714,3.45,flash flood,2022-11-04T18:00:00,2022-11-04T20:00:00,0,Broadcast Media,196
0,1,38.8248,-85.2335,3.98,flash flood,2022-09-03T16:15:00,2022-09-03T18:15:00,200000,Emergency Manager,197
0,1,38.8082,-85.2486,2.58,flash flood,2022-09-03T16:15:00,2022-09-03T18:15:00,200000,Emergency Manager,198
0,1,38.7929,-85.2671,1.13,flash flood,2022-09-03T16:15:00,2022-09-03T18:15:00,200000,Emergency Manager,199
0,1,38.7856,-85.2609,1.1,flash flood,2022-09-03T16:15:00,2022-09-03T18:15:00,200000,Emergency Manager,200
3,0,30.4752,-92.6223,5.75,tornado,2024-11-05T08:07:00,2024-11-05T08:11:00,100000,NWS Storm Survey,1
3,0,30.4885,-92.616,6.15,tornado,2024-11-05T08:07:00,2024-11-05T08:11:00,100000,NWS Storm Survey,2
7,0,35.4,-97.242,6.42,tornado,2024-11-03T01:57:00,2024-11-03T02:12:00,40000000,NWS Storm Survey,3
7,0,35.549,-97.141,4.21,tornado,2024-11-03T01:57:00,2024-11-03T02:12:00,40000000,NWS Storm Survey,4
6,0,34.291,-97.969,5.46,tornado,2024-11-03T01:05:00,2024-11-03T01:35:00,5000000,NWS Storm Survey,5
6,0,34.542,-97.744,5.81,tornado,2024-11-03T01:05:00,2024-11-03T01:35:00,5000000,NWS Storm Survey,6
6,0,35.377,-97.432,3.14,tornado,2024-11-03T00:22:00,2024-11-03T00:25:00,15000000,NWS Storm Survey,7
6,0,35.396,-97.424,2.15,tornado,2024-11-03T00:22:00,2024-11-03T00:25:00,15000000,NWS Storm Survey,8
0,6,27.374,-80.427,5.27,tornado,2024-10-09T15:59:00,2024-10-09T16:17:00,475000000,NWS Storm Survey,9
0,6,27.558,-80.385,2.14,tornado,2024-10-09T15:59:00,2024-10-09T16:17:00,475000000,NWS Storm Survey,10
7,0,26.5555,-80.3321,8.67,tornado,2024-10-09T15:43:00,2024-10-09T16:21:00,81350000,NWS Storm Survey,11
7,0,26.9565,-80.1913,5.91,tornado,2024-10-09T15:43:00,2024-10-09T16:21:00,81350000,NWS Storm Survey,12
1,0,27.1244,-80.1938,1.81,tornado,2024-10-09T15:03:00,2024-10-09T15:12:00,2000000,NWS Storm Survey,13
1,0,27.1635,-80.1892,1.14,tornado,2024-10-09T15:03:00,2024-10-09T15:12:00,2000000,NWS Storm Survey,14
3,0,26.8878,-81.0381,4.76,tornado,2024-10-09T13:24:00,2024-10-09T13:42:00,20000000,NWS Storm Survey,15
3,0,27.1086,-81.0814,10.03,tornado,2024-10-09T13:24:00,2024-10-09T13:42:00,20000000,NWS Storm Survey,16
2,0,27.2822,-80.8798,2.01,tornado,2024-10-09T13:04:00,2024-10-09T13:20:00,3500000,NWS Storm Survey,17
2,0,27.3823,-80.9577,4.44,tornado,2024-10-09T13:04:00,2024-10-09T13:20:00,3500000,NWS Storm Survey,18
15,0,35.9744,-77.7994,3.96,tornado,2024-09-27T12:30:00,2024-09-27T12:33:00,1200000,NWS Storm Survey,19
15,0,35.9772,-77.7996,3.82,tornado,2024-09-27T12:30:00,2024-09-27T12:33:00,1200000,NWS Storm Survey,20
0,2,32.0583,-82.6513,2.24,tornado,2024-09-26T19:56:00,2024-09-26T19:58:00,0,NWS Storm Survey,21
0,2,32.0671,-82.657,2.67,tornado,2024-09-26T19:56:00,2024-09-26T19:58:00,0,NWS Storm Survey,22
2,0,41.5975,-85.3706,1.3,tornado,2024-09-24T16:01:00,2024-09-24T16:08:00,300000,NWS Storm Survey,23
2,0,41.6176,-85.3453,2.37,tornado,2024-09-24T16:01:00,2024-09-24T16:08:00,300000,NWS Storm Survey,24
0,1,35.6527,-77.9637,2.46,tornado,2024-08-08T01:45:00,2024-08-08T01:54:00,2000000,NWS Storm Survey,25
0,1,35.6902,-78.0697,0.89,tornado,2024-08-08T01:45:00,2024-08-08T01:54:00,2000000,NWS Storm Survey,26
2,0,33.2079,-79.9807,2.34,tornado,2024-08-06T01:53:00,2024-08-06T02:00:00,0,NWS Storm Survey,27
2,0,33.2369,-80.0381,0.67,tornado,2024-08-06T01:53:00,2024-08-06T02:00:00,0,NWS Storm Survey,28
0,1,43.0771,-75.7618,0.46,tornado,2024-07-16T14:00:00,2024-07-16T14:07:00,250000,NWS Storm Survey,29
0,1,43.0807,-75.7345,0.73,tornado,2024-07-16T14:00:00,2024-07-16T14:07:00,250000,NWS Storm Survey,30
1,0,31.8379,-93.8362,2.19,tornado,2024-07-08T14:59:00,2024-07-08T15:02:00,100000,NWS Storm Survey,31
1,0,31.8176,-93.8321,2.07,tornado,2024-07-08T14:59:00,2024-07-08T15:02:00,100000,NWS Storm Survey,32
1,2,32.235,-93.434,2.35,tornado,2024-07-08T13:20:00,2024-07-08T13:50:00,706000,NWS Storm Survey,33
1,2,32.9107,-93.7395,2.38,tornado,2024-07-08T13:20:00,2024-07-08T13:50:00,706000,NWS Storm Survey,34
1,0,32.199,-93.947,2.41,tornado,2024-07-08T13:02:00,2024-07-08T13:23:00,250000,NWS Storm Survey,35
1,0,32.3577,-94.043,1.14,tornado,2024-07-08T13:02:00,2024-07-08T13:23:00,250000,NWS Storm Survey,36
1,0,30.8611,-94.0058,1.94,tornado,2024-07-08T10:01:00,2024-07-08T10:16:00,350000,Emergency Manager,37
1,0,30.9764,-94.0616,3.93,tornado,2024-07-08T10:01:00,2024-07-08T10:16:00,350000,Emergency Manager,38
5,0,39.1355,-77.2863,2.22,tornado,2024-06-05T18:27:00,2024-06-05T19:03:00,5000000,NWS Storm Survey,39
5,0,39.1489,-77.0039,0.87,tornado,2024-06-05T18:27:00,2024-06-05T19:03:00,5000000,NWS Storm Survey,40
17,1,37.1898,-87.7465,2.78,tornado,2024-05-26T19:40:00,2024-05-26T20:15:00,2700000,Emergency Manager,41
17,1,37.2588,-87.4805,1.23,tornado,2024-05-26T19:40:00,2024-05-26T20:15:00,2700000,Emergency Manager,42
4,0,37.137,-88.0188,2.83,tornado,2024-05-26T19:10:00,2024-05-26T19:40:00,500000,NWS Storm Survey,43
4,0,37.1898,-87.7465,3.31,tornado,2024-05-26T19:10:00,2024-05-26T19:40:00,500000,NWS Storm Survey,44
1,0,37.5804,-89.0161,3.28,tornado,2024-05-26T17:38:00,2024-05-26T17:48:00,750000,NWS Storm Survey,45
1,0,37.5875,-88.9276,3.48,tornado,2024-05-26T17:38:00,2024-05-26T17:48:00,750000,NWS Storm Survey,46
17,1,36.1986,-92.4803,2.6,tornado,2024-05-26T03:17:00,2024-05-26T03:46:00,0,NWS Storm Survey,47
17,1,36.3324,-92.1563,1.33,tornado,2024-05-26T03:17:00,2024-05-26T03:46:00,0,NWS Storm Survey,48
0,3,36.2087,-92.8893,2.96,tornado,2024-05-26T02:45:00,2024-05-26T03:05:00,0,NWS Storm Survey,49
0,3,36.2713,-92.6865,1.52,tornado,2024-05-26T02:45:00,2024-05-26T03:05:00,0,NWS Storm Survey,50
1,1,36.1745,-93.0533,1.77,tornado,2024-05-26T02:27:00,2024-05-26T02:45:00,0,NWS Storm Survey,51
1,1,36.2087,-92.8893,1.56,tornado,2024-05-26T02:27:00,2024-05-26T02:45:00,0,NWS Storm Survey,52
2,0,36.314,-94.588,1.39,tornado,2024-05-26T00:01:00,2024-05-26T00:21:00,6000000,NWS Storm Survey,53
2,0,36.367,-94.5028,3.16,tornado,2024-05-26T00:01:00,2024-05-26T00:21:00,6000000,NWS Storm Survey,54
4,2,36.337,-95.436,6.95,tornado,2024-05-25T22:48:00,2024-05-25T22:59:00,5000000,NWS Storm Survey,55
4,2,36.3193,-95.3462,1.98,tornado,2024-05-25T22:48:00,2024-05-25T22:59:00,5000000,NWS Storm Survey,56
19,0,36.3072,-95.7651,5.65,tornado,2024-05-25T22:19:00,2024-05-25T22:48:00,40000000,NWS Storm Survey,57
19,0,36.337,-95.436,7.8,tornado,2024-05-25T22:19:00,2024-05-25T22:48:00,40000000,NWS Storm Survey,58
0,2,30.44,-84.49,2.75,tornado,2024-05-10T05:50:00,2024-05-10T06:14:00,92100000,NWS Storm Survey,59
0,2,30.411,-84.075,2.18,tornado,2024-05-10T05:50:00,2024-05-10T06:14:00,92100000,NWS Storm Survey,60
1,0,39.2763,-81.3898,1.09,tornado,2024-05-09T19:19:00,2024-05-09T19:21:00,15000,NWS Storm Survey,61
1,0,39.2647,-81.3288,1.02,tornado,2024-05-09T19:19:00,2024-05-09T19:21:00,15000,NWS Storm Survey,62
1,0,35.0232,-87.0405,1.69,tornado,2024-05-08T18:50:00,2024-05-08T19:00:00,4000000,NWS Storm Survey,63
1,0,35.0183,-86.9367,2.05,tornado,2024-05-08T18:50:00,2024-05-08T19:00:00,4000000,NWS Storm Survey,64
12,1,35.6095,-87.0007,1.85,tornado,2024-05-08T16:37:00,2024-05-08T17:05:00,10000000,NWS Storm Survey,65
12,1,35.662,-86.817,0.92,tornado,2024-05-08T16:37:00,2024-05-08T17:05:00,10000000,NWS Storm Survey,66
2,0,35.281,-81.21,1.86,tornado,2024-05-08T14:40:00,2024-05-08T14:50:00,200000,NWS Storm Survey,67
2,0,35.269,-81.065,0.85,tornado,2024-05-08T14:40:00,2024-05-08T14:50:00,200000,NWS Storm Survey,68
1,0,37.8067,-89.6716,0.92,tornado,2024-05-08T11:01:00,2024-05-08T11:03:00,75000,NWS Storm Survey,69
1,0,37.8249,-89.6705,0.34,tornado,2024-05-08T11:01:00,2024-05-08T11:03:00,75000,NWS Storm Survey,70
12,0,42.19,-85.67,0.86,tornado,2024-05-07T16:55:00,2024-05-07T17:17:00,50000000,NWS Storm Survey,71
12,0,42.2449,-85.4711,2.47,tornado,2024-05-07T16:55:00,2024-05-07T17:17:00,50000000,NWS Storm Survey,72
1,0,41.9132,-85.5258,0.52,tornado,2024-05-07T16:41:00,2024-05-07T17:00:00,0,NWS Storm Survey,73
1,0,41.9996,-85.293,3.25,tornado,2024-05-07T16:41:00,2024-05-07T17:00:00,0,NWS Storm Survey,74
33,2,36.3304,-96.3559,4.14,tornado,2024-05-06T20:12:00,2024-05-06T20:57:00,10000000,NWS Storm Survey,75
33,2,36.7,-96.001,7.28,tornado,2024-05-06T20:12:00,2024-05-06T20:57:00,10000000,NWS Storm Survey,76
1,0,39.96,-89.22,1.48,tornado,2024-04-18T18:18:00,2024-04-18T18:23:00,0,NWS Storm Survey,77
1,0,39.97,-89.15,1.06,tornado,2024-04-18T18:18:00,2024-04-18T18:23:00,0,NWS Storm Survey,78
1,0,29.8853,-81.5626,0.58,tornado,2024-04-11T10:33:00,2024-04-11T10:45:00,0,Broadcast Media,79
1,0,29.9481,-81.4782,3.33,tornado,2024-04-11T10:33:00,2024-04-11T10:45:00,0,Broadcast Media,80
22,0,38.349,-85.644,0.76,tornado,2024-04-02T16:36:00,2024-04-02T16:40:00,0,NWS Storm Survey,81
22,0,38.351,-85.585,1.9,tornado,2024-04-02T16:36:00,2024-04-02T16:40:00,0,NWS Storm Survey,82
10,0,38.3488,-85.7207,1.12,tornado,2024-04-02T16:31:00,2024-04-02T16:36:00,0,NWS Storm Survey,83
10,0,38.349,-85.644,1.35,tornado,2024-04-02T16:31:00,2024-04-02T16:36:00,0,NWS Storm Survey,84
1,0,36.7883,-95.6713,2.36,tornado,2024-04-01T19:13:00,2024-04-01T19:19:00,20000,NWS Storm Survey,85
1,0,36.8026,-95.5974,2.39,tornado,2024-04-01T19:13:00,2024-04-01T19:19:00,20000,NWS Storm Survey,86
37,1,40.1785,-85.1251,0.28,tornado,2024-03-14T18:50:00,2024-03-14T19:20:00,25000000,NWS Storm Survey,87
37,1,40.1622,-84.807,2.42,tornado,2024-03-14T18:50:00,2024-03-14T19:20:00,25000000,NWS Storm Survey,88
2,0,30.7707,-83.2008,2.19,tornado,2024-02-04T15:05:00,2024-02-04T15:18:00,250000,NWS Storm Survey,89
2,0,30.874,-83.224,4.08,tornado,2024-02-04T15:05:00,2024-02-04T15:18:00,250000,NWS Storm Survey,90
1,0,34.0518,-81.3548,3.62,tornado,2024-01-09T14:10:00,2024-01-09T14:16:00,0,NWS Storm Survey,91
1,0,34.0923,-81.3252,0.6,tornado,2024-01-09T14:10:00,2024-01-09T14:16:00,0,NWS Storm Survey,92
4,1,35.657,-81.157,3.24,tornado,2024-01-09T12:27:00,2024-01-09T12:34:00,250000,NWS Storm Survey,93
4,1,35.739,-81.069,1.45,tornado,2024-01-09T12:27:00,2024-01-09T12:34:00,250000,NWS Storm Survey,94
10,1,30.998,-85.403,2.34,tornado,2024-01-09T08:03:00,2024-01-09T08:22:00,6000000,NWS Storm Survey,95
10,1,31.1789,-85.1191,2.89,tornado,2024-01-09T08:03:00,2024-01-09T08:22:00,6000000,NWS Storm Survey,96
7,0,30.71,-85.2276,4,tornado,2024-01-09T06:25:00,2024-01-09T06:43:00,5000000,NWS Storm Survey,97
7,0,30.9152,-85.0912,1.16,tornado,2024-01-09T06:25:00,2024-01-09T06:43:00,5000000,NWS Storm Survey,98
2,0,30.2403,-85.6419,0.72,tornado,2024-01-09T05:43:00,2024-01-09T05:55:00,5000000,NWS Storm Survey,99
2,0,30.3861,-85.5071,1.39,tornado,2024-01-09T05:43:00,2024-01-09T05:55:00,5000000,NWS Storm Survey,100
1,0,36.297,-86.656,1.46,tornado,2023-12-09T16:50:00,2023-12-09T17:24:00,10000000,NWS Storm Survey,101
1,0,36.433,-86.269,1.32,tornado,2023-12-09T16:50:00,2023-12-09T17:24:00,10000000,NWS Storm Survey,102
21,3,36.255,-86.7852,0.91,tornado,2023-12-09T16:39:00,2023-12-09T16:50:00,10000000,NWS Storm Survey,103
21,3,36.297,-86.656,1.41,tornado,2023-12-09T16:39:00,2023-12-09T16:50:00,10000000,NWS Storm Survey,104
4,0,36.4689,-86.9078,2.65,tornado,2023-12-09T16:16:00,2023-12-09T16:25:00,10000000,NWS Storm Survey,105
4,0,36.5052,-86.8113,1.1,tornado,2023-12-09T16:16:00,2023-12-09T16:25:00,10000000,NWS Storm Survey,106
2,0,36.1601,-87.2335,1.02,tornado,2023-12-09T16:03:00,2023-12-09T16:10:00,1500000,NWS Storm Survey,107
2,0,36.183,-87.153,3.84,tornado,2023-12-09T16:03:00,2023-12-09T16:10:00,1500000,NWS Storm Survey,108
2,0,36.2793,-87.4138,1.62,tornado,2023-12-09T15:29:00,2023-12-09T15:39:00,2000000,NWS Storm Survey,109
2,0,36.3029,-87.3137,1.82,tornado,2023-12-09T15:29:00,2023-12-09T15:39:00,2000000,NWS Storm Survey,110
62,4,36.5746,-87.4718,2.31,tornado,2023-12-09T13:41:00,2023-12-09T13:56:00,20000000,NWS Storm Survey,111
62,4,36.642,-87.2833,1.53,tornado,2023-12-09T13:41:00,2023-12-09T13:56:00,20000000,NWS Storm Survey,112
2,0,36.183,-88.908,4.68,tornado,2023-12-09T11:44:00,2023-12-09T12:03:00,500000,NWS Storm Survey,113
2,0,36.265,-88.6533,2.43,tornado,2023-12-09T11:44:00,2023-12-09T12:03:00,500000,NWS Storm Survey,114
1,0,36.1175,-89.0601,2.82,tornado,2023-12-09T11:32:00,2023-12-09T11:44:00,750000,NWS Storm Survey,115
1,0,36.183,-88.908,2.32,tornado,2023-12-09T11:32:00,2023-12-09T11:44:00,750000,NWS Storm Survey,116
2,0,32.9873,-80.0406,0.79,tornado,2023-08-30T11:22:00,2023-08-30T11:23:00,0,NWS Storm Survey,117
2,0,32.9875,-80.041,0.82,tornado,2023-08-30T11:22:00,2023-08-30T11:23:00,0,NWS Storm Survey,118
6,0,39.9574,-79.4664,0.55,tornado,2023-08-25T01:34:00,2023-08-25T01:37:00,850000,NWS Storm Survey,119
6,0,39.945,-79.4332,1.37,tornado,2023-08-25T01:34:00,2023-08-25T01:37:00,850000,NWS Storm Survey,120
4,2,42.6535,-84.3131,2.62,tornado,2023-08-24T20:29:00,2023-08-24T20:40:00,75000000,NWS Storm Survey,121
4,2,42.6441,-84.1477,2.12,tornado,2023-08-24T20:29:00,2023-08-24T20:40:00,75000000,NWS Storm Survey,122
2,0,36.9357,-89.4861,3.19,tornado,2023-07-24T13:10:00,2023-07-24T13:12:00,400000,NWS Storm Survey,123
2,0,36.9342,-89.4814,3.23,tornado,2023-07-24T13:10:00,2023-07-24T13:12:00,400000,NWS Storm Survey,124
1,1,38.585,-86.8666,2.58,tornado,2023-06-25T15:34:00,2023-06-25T15:45:00,1150000,NWS Storm Survey,125
1,1,38.526,-86.741,2.68,tornado,2023-06-25T15:34:00,2023-06-25T15:45:00,1150000,NWS Storm Survey,126
1,0,25.5877,-80.4336,2.58,tornado,2023-05-25T12:20:00,2023-05-25T12:22:00,50000,NWS Storm Survey,127
1,0,25.581,-80.4294,2.64,tornado,2023-05-25T12:20:00,2023-05-25T12:22:00,50000,NWS Storm Survey,128
2,0,32.723,-99.789,1.97,tornado,2023-05-23T20:13:00,2023-05-23T20:47:00,0,NWS Storm Survey,129
2,0,32.737,-99.752,2.93,tornado,2023-05-23T20:13:00,2023-05-23T20:47:00,0,NWS Storm Survey,130
11,1,26.0799,-97.2627,0.46,tornado,2023-05-13T03:06:00,2023-05-13T03:08:00,500000,Emergency Manager,131
11,1,26.082,-97.2558,0.89,tornado,2023-05-13T03:06:00,2023-05-13T03:08:00,500000,Emergency Manager,132
2,0,38.3433,-85.8179,1.34,tornado,2023-05-07T07:48:00,2023-05-07T07:49:00,0,NWS Storm Survey,133
2,0,38.3408,-85.8123,1,tornado,2023-05-07T07:48:00,2023-05-07T07:49:00,0,NWS Storm Survey,134
1,0,30.1102,-92.4768,1.95,tornado,2023-05-06T04:57:00,2023-05-06T05:01:00,50000,NWS Storm Survey,135
1,0,30.0826,-92.3946,1.9,tornado,2023-05-06T04:57:00,2023-05-06T05:01:00,50000,NWS Storm Survey,136
1,0,38.3872,-96.4687,3.43,tornado,2023-04-19T19:45:00,2023-04-19T19:50:00,20000,NWS Storm Survey,137
1,0,38.4202,-96.4282,3.17,tornado,2023-04-19T19:45:00,2023-04-19T19:50:00,20000,NWS Storm Survey,138
1,0,38.3524,-96.6733,2.64,tornado,2023-04-19T19:18:00,2023-04-19T19:22:00,0,NWS Storm Survey,139
1,0,38.3726,-96.6439,0.77,tornado,2023-04-19T19:18:00,2023-04-19T19:22:00,0,NWS Storm Survey,140
1,0,38.236,-90.432,0.43,tornado,2023-04-15T17:30:00,2023-04-15T17:35:00,0,NWS Storm Survey,141
1,0,38.267,-90.374,0.39,tornado,2023-04-15T17:30:00,2023-04-15T17:35:00,0,NWS Storm Survey,142
5,0,38.11,-91.87,3,tornado,2023-04-15T15:35:00,2023-04-15T15:43:00,2000000,NWS Storm Survey,143
5,0,38.14,-91.7494,1.32,tornado,2023-04-15T15:35:00,2023-04-15T15:43:00,2000000,NWS Storm Survey,144
4,5,37.25,-90.14,1.77,tornado,2023-04-05T02:30:00,2023-04-05T02:56:00,2000000,NWS Storm Survey,145
4,5,37.43,-89.86,4.36,tornado,2023-04-05T02:30:00,2023-04-05T02:56:00,2000000,NWS Storm Survey,146
4,0,40.3308,-90.3233,1.34,tornado,2023-04-04T18:11:00,2023-04-04T18:38:00,0,NWS Storm Survey,147
4,0,40.5429,-90.0667,1.88,tornado,2023-04-04T18:11:00,2023-04-04T18:38:00,0,NWS Storm Survey,148
5,1,34.9746,-86.5738,0.47,tornado,2023-04-01T02:09:00,2023-04-01T02:16:00,0,NWS Storm Survey,149
5,1,34.9907,-86.497,1.72,tornado,2023-04-01T02:09:00,2023-04-01T02:16:00,0,NWS Storm Survey,150
2,0,35.828,-86.179,0.15,tornado,2023-04-01T00:53:00,2023-04-01T00:59:00,3000000,NWS Storm Survey,151
2,0,35.8613,-86.0791,2.08,tornado,2023-04-01T00:53:00,2023-04-01T00:59:00,3000000,NWS Storm Survey,152
7,0,40.5345,-84.2253,2.79,tornado,2023-03-31T23:54:00,2023-03-31T23:59:00,3000000,NWS Storm Survey,153
7,0,40.5956,-84.0702,0.6,tornado,2023-03-31T23:54:00,2023-03-31T23:59:00,3000000,NWS Storm Survey,154
2,0,35.356,-88.009,1.77,tornado,2023-03-31T22:56:00,2023-03-31T23:18:00,550000,NWS Storm Survey,155
2,0,35.449,-87.646,2.32,tornado,2023-03-31T22:56:00,2023-03-31T23:18:00,550000,NWS Storm Survey,156
3,0,33,-97.84,5.14,tornado,2023-03-24T03:59:00,2023-03-24T04:00:00,0,NWS Storm Survey,157
3,0,33.0034,-97.839,4.94,tornado,2023-03-24T03:59:00,2023-03-24T04:00:00,0,NWS Storm Survey,158
2,0,32.9467,-98.0363,0.97,tornado,2023-03-24T03:52:00,2023-03-24T03:58:00,0,NWS Storm Survey,159
2,0,32.9905,-97.934,4.92,tornado,2023-03-24T03:52:00,2023-03-24T03:58:00,0,NWS Storm Survey,160
2,0,32.1319,-96.495,1.68,tornado,2023-03-16T18:58:00,2023-03-16T19:04:00,0,NWS Storm Survey,161
2,0,32.1185,-96.4531,0.99,tornado,2023-03-16T18:58:00,2023-03-16T19:04:00,0,NWS Storm Survey,162
2,0,32.3627,-93.7087,2.32,tornado,2023-03-02T17:35:00,2023-03-02T17:40:00,50000000,NWS Storm Survey,163
2,0,32.4314,-93.7024,1.29,tornado,2023-03-02T17:35:00,2023-03-02T17:40:00,50000000,NWS Storm Survey,164
2,0,36.07,-92.837,2.18,tornado,2023-02-16T02:04:00,2023-02-16T02:13:00,200000,NWS Storm Survey,165
2,0,36.1077,-92.726,3.82,tornado,2023-02-16T02:04:00,2023-02-16T02:13:00,200000,NWS Storm Survey,166
1,0,35.4993,-84.8038,1.45,tornado,2023-01-12T11:50:00,2023-01-12T11:51:00,0,NWS Storm Survey,167
1,0,35.5033,-84.7945,1.2,tornado,2023-01-12T11:50:00,2023-01-12T11:51:00,0,NWS Storm Survey,168
3,0,32.172,-92.7048,0.31,tornado,2023-01-02T16:46:00,2023-01-02T17:09:00,850000,NWS Storm Survey,169
3,0,32.3646,-92.5957,1.84,tornado,2023-01-02T16:46:00,2023-01-02T17:09:00,850000,NWS Storm Survey,170
2,0,34.694,-93.0673,0.44,tornado,2023-01-02T14:38:00,2023-01-02T14:41:00,5000000,Public,171
2,0,34.7208,-93.0503,1.82,tornado,2023-01-02T14:38:00,2023-01-02T14:41:00,5000000,Public,172
16,0,29.9533,-91.8382,1.92,tornado,2022-12-14T10:49:00,2022-12-14T10:59:00,500000,NWS Storm Survey,173
16,0,30.0009,-91.7708,1.91,tornado,2022-12-14T10:49:00,2022-12-14T10:59:00,500000,NWS Storm Survey,174
14,0,32.772,-92.4683,3.19,tornado,2022-12-13T20:23:00,2022-12-13T20:34:00,1200000,NWS Storm Survey,175
14,0,32.8477,-92.3409,1.99,tornado,2022-12-13T20:23:00,2022-12-13T20:34:00,1200000,NWS Storm Survey,176
2,2,32.221,-94.0102,1.77,tornado,2022-12-13T16:36:00,2022-12-13T16:41:00,500000,NWS Storm Survey,177
2,2,32.2569,-93.969,2.63,tornado,2022-12-13T16:36:00,2022-12-13T16:41:00,500000,NWS Storm Survey,178
2,0,33.2981,-96.4287,1.66,tornado,2022-12-13T09:47:00,2022-12-13T09:57:00,0,NWS Storm Survey,179
2,0,33.349,-96.32,2.31,tornado,2022-12-13T09:47:00,2022-12-13T09:57:00,0,NWS Storm Survey,180
5,0,32.9282,-97.1016,1.26,tornado,2022-12-13T08:42:00,2022-12-13T08:49:00,0,NWS Storm Survey,181
5,0,32.9587,-97.0628,2.22,tornado,2022-12-13T08:42:00,2022-12-13T08:49:00,0,NWS Storm Survey,182
2,0,33.1195,-97.6563,2.14,tornado,2022-12-13T06:59:00,2022-12-13T07:13:00,0,NWS Storm Survey,183
2,0,33.2154,-97.5338,3.14,tornado,2022-12-13T06:59:00,2022-12-13T07:13:00,0,NWS Storm Survey,184
1,0,31.9743,-92.0655,0.94,tornado,2022-11-29T18:03:00,2022-11-29T18:13:00,450000,NWS Storm Survey,185
1,0,32.0197,-91.9417,6.38,tornado,2022-11-29T18:03:00,2022-11-29T18:13:00,450000,NWS Storm Survey,186
8,1,33.0218,-94.8157,1.96,tornado,2022-11-04T17:44:00,2022-11-04T18:03:00,5000000,NWS Storm Survey,187
8,1,33.18,-94.652,2.13,tornado,2022-11-04T17:44:00,2022-11-04T18:03:00,5000000,NWS Storm Survey,188
6,0,33.8055,-94.9175,3.21,tornado,2022-11-04T17:44:00,2022-11-04T18:21:00,35000000,NWS Employee,189
6,0,34.1263,-94.5078,7.55,tornado,2022-11-04T17:44:00,2022-11-04T18:21:00,35000000,NWS Employee,190
7,0,33.5047,-95.2418,1.66,tornado,2022-11-04T17:15:00,2022-11-04T17:44:00,2000000,NWS Storm Survey,191
7,0,33.8055,-94.9175,3.08,tornado,2022-11-04T17:15:00,2022-11-04T17:44:00,2000000,NWS Storm Survey,192
1,1,34.3908,-94.9909,2.32,tornado,2022-11-04T16:46:00,2022-11-04T16:49:00,300000,NWS Storm Survey,193
1,1,34.4237,-94.9612,2.42,tornado,2022-11-04T16:46:00,2022-11-04T16:49:00,300000,NWS Storm Survey,194
1,0,33.888,-95.464,2.22,tornado,2022-11-04T15:46:00,2022-11-04T16:12:00,900000,NWS Storm Survey,195
1,0,34.117,-95.296,3.22,tornado,2022-11-04T15:46:00,2022-11-04T16:12:00,900000,NWS Storm Survey,196
10,0,33.5995,-95.749,0.07,tornado,2022-11-04T15:16:00,2022-11-04T15:46:00,5000000,NWS Storm Survey,197
10,0,33.888,-95.4637,2.43,tornado,2022-11-04T15:16:00,2022-11-04T15:46:00,5000000,NWS Storm Survey,198
1,0,37.9695,-76.0467,0.18,tornado,2022-08-04T18:20:00,2022-08-04T18:27:00,250000,Broadcast Media,199
1,0,38,-76.03,0,tornado,2022-08-04T18:20:00,2022-08-04T18:27:00,250000,Broadcast Media,200
1,0,32.8044,-97.0966,1.39,thunderstorm wind,2024-11-18T09:01:00,2024-11-18T09:01:00,25000,Emergency Manager,1
0,1,48.27,-116.54,0.83,thunderstorm wind,2024-09-25T16:20:00,2024-09-25T16:30:00,10000,Broadcast Media,2
3,0,35.3055,-87.32,1,thunderstorm wind,2024-09-24T15:24:00,2024-09-24T15:24:00,25000,Emergency Manager,3
0,1,36.66,-92.14,2.82,thunderstorm wind,2024-09-22T13:07:00,2024-09-22T13:07:00,10000,Public,4
2,1,36.368,-96.8012,1.33,thunderstorm wind,2024-09-19T18:00:00,2024-09-19T18:05:00,100000,NWS Storm Survey,5
1,0,39.18,-84.43,0.54,thunderstorm wind,2024-08-30T14:44:00,2024-08-30T14:46:00,10000,Emergency Manager,6
1,0,42.29,-83.48,4.42,thunderstorm wind,2024-08-28T01:22:00,2024-08-28T01:22:00,0,Broadcast Media,7
1,0,42.78,-84.58,0,thunderstorm wind,2024-08-27T15:26:00,2024-08-27T15:30:00,0,ASOS,8
0,1,33.5414,-111.4398,3.53,thunderstorm wind,2024-08-22T16:45:00,2024-08-22T16:45:00,0,Broadcast Media,9
1,0,44.58,-104.7,0,thunderstorm wind,2024-08-19T16:45:00,2024-08-19T16:45:00,0,Public,10
0,1,37.59,-77.59,0.88,thunderstorm wind,2024-08-18T15:48:00,2024-08-18T15:48:00,3000,Law Enforcement,11
2,0,36.77,-76.6,1.3,thunderstorm wind,2024-08-08T14:38:00,2024-08-08T14:38:00,10000,Fire Department/Rescue,12
1,0,37.29,-76.01,1.49,thunderstorm wind,2024-08-02T20:29:00,2024-08-02T20:29:00,1000,Emergency Manager,13
0,1,34.1407,-84.4239,2.73,thunderstorm wind,2024-07-30T18:52:00,2024-07-30T18:54:00,1000,Emergency Manager,14
1,0,37.0901,-84.6679,18.13,thunderstorm wind,2024-07-30T14:30:00,2024-07-30T14:30:00,0,Emergency Manager,15
0,1,33.4536,-112.1642,1.66,thunderstorm wind,2024-07-24T21:00:00,2024-07-24T21:00:00,2000000,Broadcast Media,16
2,0,39.74,-75.56,0.87,thunderstorm wind,2024-07-16T20:19:00,2024-07-16T20:19:00,0,Broadcast Media,17
1,0,41.25,-74.17,0.52,thunderstorm wind,2024-07-16T17:24:00,2024-07-16T17:24:00,1000,Fire Department/Rescue,18
1,0,40.43,-75.14,0.53,thunderstorm wind,2024-07-16T16:37:00,2024-07-16T16:37:00,0,Emergency Manager,19
1,0,43.94,-76.12,0.69,thunderstorm wind,2024-07-16T12:55:00,2024-07-16T12:55:00,0,Broadcast Media,20
1,0,41.37,-85.08,1.38,thunderstorm wind,2024-07-16T00:18:00,2024-07-16T00:19:00,75000,Law Enforcement,21
3,0,46.41,-105.84,0.84,thunderstorm wind,2024-07-13T18:30:00,2024-07-13T18:30:00,0,Emergency Manager,22
3,1,38.93,-98.57,1.07,thunderstorm wind,2024-07-03T22:45:00,2024-07-03T22:47:00,0,Law Enforcement,23
3,0,37.68,-97.14,2.82,thunderstorm wind,2024-07-02T16:53:00,2024-07-02T16:54:00,0,Broadcast Media,24
1,1,41.963,-75.005,0.91,thunderstorm wind,2024-06-30T09:35:00,2024-06-30T09:35:00,115000,NWS Storm Survey,25
1,1,41.966,-74.977,2.23,thunderstorm wind,2024-06-30T09:35:00,2024-06-30T09:35:00,115000,NWS Storm Survey,26
1,0,39.04,-96.77,0.69,thunderstorm wind,2024-06-28T18:15:00,2024-06-28T18:16:00,0,Department of Highways,27
0,1,41.6623,-73.8521,1.53,thunderstorm wind,2024-06-26T20:01:00,2024-06-26T20:01:00,0,Newspaper,28
7,1,33.865,-96.8279,2.42,thunderstorm wind,2024-06-26T19:30:00,2024-06-26T19:30:00,0,Emergency Manager,29
1,0,34.15,-94.75,5.73,thunderstorm wind,2024-06-26T09:45:00,2024-06-26T09:45:00,0,911 Call Center,30
2,0,39.06,-96,2.12,thunderstorm wind,2024-06-26T02:15:00,2024-06-26T02:16:00,0,Department of Highways,31
0,1,39.31,-91.48,1.27,thunderstorm wind,2024-06-25T16:12:00,2024-06-25T17:02:00,50000,Emergency Manager,32
0,1,39.08,-91.83,4.37,thunderstorm wind,2024-06-25T16:12:00,2024-06-25T17:02:00,50000,Emergency Manager,33
2,0,45.55,-89.75,1.38,thunderstorm wind,2024-06-25T00:20:00,2024-06-25T00:22:00,0,NWS Storm Survey,34
1,0,41.2759,-76.3774,0.31,thunderstorm wind,2024-06-22T19:34:00,2024-06-22T19:35:00,10000,NWS Storm Survey,35
1,0,41.276,-76.3771,0.31,thunderstorm wind,2024-06-22T19:34:00,2024-06-22T19:35:00,10000,NWS Storm Survey,36
1,0,35.46,-83.35,4.48,thunderstorm wind,2024-06-17T14:03:00,2024-06-17T14:03:00,1000,Emergency Manager,37
2,0,41.94,-85.63,0.69,thunderstorm wind,2024-06-16T20:20:00,2024-06-16T20:21:00,20000,State Official,38
1,0,41.93,-88.41,2.07,thunderstorm wind,2024-06-16T15:31:00,2024-06-16T15:31:00,0,Emergency Manager,39
1,0,33.007,-80.1272,2.44,thunderstorm wind,2024-06-10T18:48:00,2024-06-10T18:58:00,0,NWS Storm Survey,40
1,0,33.0334,-80.0607,1.79,thunderstorm wind,2024-06-10T18:48:00,2024-06-10T18:58:00,0,NWS Storm Survey,41
1,1,28.45,-81.59,3.64,thunderstorm wind,2024-06-06T17:49:00,2024-06-06T17:49:00,0,Emergency Manager,42
0,1,31.87,-89.66,3.5,thunderstorm wind,2024-06-04T17:25:00,2024-06-04T17:25:00,500000,Broadcast Media,43
1,1,32.4237,-95.6768,2.27,thunderstorm wind,2024-06-03T18:55:00,2024-06-03T19:30:00,5000,NWS Storm Survey,44
1,1,32.3615,-95.4584,2.75,thunderstorm wind,2024-06-03T18:55:00,2024-06-03T19:30:00,5000,NWS Storm Survey,45
1,0,31.56,-94.47,0.91,thunderstorm wind,2024-05-30T17:50:00,2024-05-30T17:50:00,0,NWS Storm Survey,46
2,0,31.83,-102.25,6.33,thunderstorm wind,2024-05-30T16:31:00,2024-05-30T16:36:00,150000,Fire Department/Rescue,47
8,0,33.6107,-102.4069,3,thunderstorm wind,2024-05-29T00:30:00,2024-05-29T00:40:00,0,NWS Storm Survey,48
8,0,33.5689,-102.3379,2,thunderstorm wind,2024-05-29T00:30:00,2024-05-29T00:40:00,0,NWS Storm Survey,49
0,2,31.2797,-93.5855,2.1,thunderstorm wind,2024-05-28T10:50:00,2024-05-28T10:50:00,0,Broadcast Media,50
2,0,31.34,-83.05,0.69,thunderstorm wind,2024-05-27T18:35:00,2024-05-27T18:35:00,0,Emergency Manager,51
0,1,35.03,-83.65,1.83,thunderstorm wind,2024-05-27T04:45:00,2024-05-27T04:45:00,0,Emergency Manager,52
0,1,33.2924,-87.1031,2.1,thunderstorm wind,2024-05-27T04:31:00,2024-05-27T05:00:00,0,Emergency Manager,53
0,1,33.5609,-86.5585,0.9,thunderstorm wind,2024-05-27T04:31:00,2024-05-27T05:00:00,0,Emergency Manager,54
1,0,37.32,-80.73,0,thunderstorm wind,2024-05-26T16:25:00,2024-05-26T16:25:00,2500,911 Call Center,55
1,0,37.83,-81.06,1.29,thunderstorm wind,2024-05-26T16:13:00,2024-05-26T16:13:00,3000,911 Call Center,56
1,0,37.1585,-83.7617,0.87,thunderstorm wind,2024-05-26T13:08:00,2024-05-26T13:08:00,10000,911 Call Center,57
1,0,36.6401,-88.2113,1.24,thunderstorm wind,2024-05-26T07:37:00,2024-05-26T07:37:00,15000,Emergency Manager,58
0,1,36.2894,-94.0721,0.66,thunderstorm wind,2024-05-26T01:05:00,2024-05-26T01:05:00,50000,NWS Storm Survey,59
1,0,33.92,-82.29,0.57,thunderstorm wind,2024-05-25T12:35:00,2024-05-25T12:35:00,0,County Official,60
0,1,41.0704,-81.5151,1.03,thunderstorm wind,2024-05-22T09:25:00,2024-05-22T09:25:00,20000,Emergency Manager,61
1,0,41.7009,-87.684,1.04,thunderstorm wind,2024-05-20T14:00:00,2024-05-20T14:00:00,0,Broadcast Media,62
1,0,30.81,-85.52,1.19,thunderstorm wind,2024-05-17T18:23:00,2024-05-17T18:23:00,50000,Emergency Manager,63
2,1,30.55,-91.36,1.5,thunderstorm wind,2024-05-13T18:03:00,2024-05-13T18:03:00,30000,Broadcast Media,64
2,0,28.59,-96.62,2.16,thunderstorm wind,2024-05-13T14:05:00,2024-05-13T14:05:00,350000,Emergency Manager,65
2,0,30.94,-87.16,0.91,thunderstorm wind,2024-05-10T02:40:00,2024-05-10T02:40:00,0,NWS Storm Survey,66
1,1,35.265,-81.303,1.05,thunderstorm wind,2024-05-08T14:34:00,2024-05-08T14:53:00,20000,911 Call Center,67
1,1,35.253,-81.065,0.87,thunderstorm wind,2024-05-08T14:34:00,2024-05-08T14:53:00,20000,911 Call Center,68
0,1,36.39,-83.58,0.69,thunderstorm wind,2024-05-08T08:55:00,2024-05-08T08:55:00,0,Emergency Manager,69
1,0,33.05,-93.54,0.58,thunderstorm wind,2024-04-28T18:42:00,2024-04-28T18:42:00,0,Emergency Manager,70
1,0,30.16,-82.73,4.52,thunderstorm wind,2024-04-03T09:18:00,2024-04-03T09:18:00,0,Emergency Manager,71
1,0,38.0626,-84.5626,1.38,thunderstorm wind,2024-04-02T08:14:00,2024-04-02T08:26:00,0,NWS Storm Survey,72
1,0,37.9611,-84.371,0.62,thunderstorm wind,2024-04-02T08:14:00,2024-04-02T08:26:00,0,NWS Storm Survey,73
1,0,38.3306,-86.7258,0.8,thunderstorm wind,2024-04-02T06:20:00,2024-04-02T06:20:00,0,911 Call Center,74
4,0,37.7802,-122.4271,2.43,thunderstorm wind,2024-03-01T18:00:00,2024-03-01T18:00:00,0,Public,75
2,0,36.1391,-95.9321,1.25,thunderstorm wind,2023-10-04T18:05:00,2023-10-04T18:10:00,5000,Emergency Manager,76
3,0,32.41,-100.69,1.88,thunderstorm wind,2023-09-11T18:52:00,2023-09-11T18:57:00,10000,Public,77
1,0,35.379,-78.5437,0.36,thunderstorm wind,2023-09-08T14:05:00,2023-09-08T14:05:00,15000,Trained Spotter,78
1,0,30.23,-92.38,0.91,thunderstorm wind,2023-09-08T12:56:00,2023-09-08T12:56:00,100000,Emergency Manager,79
0,1,41.8495,-75.8598,1.7,thunderstorm wind,2023-09-07T15:59:00,2023-09-07T15:59:00,1000,Emergency Manager,80
1,0,35.49,-97.1019,5.9,thunderstorm wind,2023-09-05T17:55:00,2023-09-05T17:55:00,15000,Emergency Manager,81
0,1,42.71,-84.58,0.69,thunderstorm wind,2023-08-24T20:00:00,2023-08-24T20:15:00,10000000,Public,82
0,3,43.29,-85.52,0.69,thunderstorm wind,2023-08-24T19:03:00,2023-08-24T19:18:00,10000000,Public,83
1,0,32.28,-81.39,0.9,thunderstorm wind,2023-08-15T19:27:00,2023-08-15T19:27:00,8500,Emergency Manager,84
2,0,34.0284,-80.9767,0.22,thunderstorm wind,2023-08-15T15:36:00,2023-08-15T15:36:00,0,Trained Spotter,85
0,1,32.01,-81.07,0.69,thunderstorm wind,2023-08-08T19:05:00,2023-08-08T19:05:00,0,Emergency Manager,86
1,0,39.62,-76.5566,0.35,thunderstorm wind,2023-08-07T16:20:00,2023-08-07T16:25:00,20000,911 Call Center,87
1,0,39.77,-76.68,0,thunderstorm wind,2023-08-07T16:17:00,2023-08-07T16:17:00,10000,Emergency Manager,88
1,0,35.332,-80.962,2.31,thunderstorm wind,2023-08-07T16:17:00,2023-08-07T16:37:00,500000,Emergency Manager,89
1,0,35.177,-80.734,1.61,thunderstorm wind,2023-08-07T16:17:00,2023-08-07T16:37:00,500000,Emergency Manager,90
1,0,39.6314,-76.8327,1.99,thunderstorm wind,2023-08-07T16:02:00,2023-08-07T16:02:00,250000,Emergency Manager,91
2,0,39.568,-76.9792,0.83,thunderstorm wind,2023-08-07T15:50:00,2023-08-07T16:00:00,20000000,Emergency Manager,92
0,1,34.538,-82.706,1.58,thunderstorm wind,2023-08-07T15:32:00,2023-08-07T15:38:00,30000,Amateur Radio,93
0,1,34.583,-82.589,5.07,thunderstorm wind,2023-08-07T15:32:00,2023-08-07T15:38:00,30000,Amateur Radio,94
1,0,34.3472,-88.726,1.81,thunderstorm wind,2023-08-07T11:48:00,2023-08-07T11:53:00,5000,Broadcast Media,95
1,0,35.6327,-86.0683,1.05,thunderstorm wind,2023-08-07T10:44:00,2023-08-07T10:44:00,10000,Social Media,96
2,2,33.84,-88.93,4.64,thunderstorm wind,2023-08-06T11:20:00,2023-08-06T11:25:00,0,Broadcast Media,97
1,0,32.0322,-86.1591,0.66,thunderstorm wind,2023-08-04T15:28:00,2023-08-04T15:29:00,0,Law Enforcement,98
20,0,34.0523,-86.0112,0.53,thunderstorm wind,2023-08-03T13:29:00,2023-08-03T13:30:00,0,NWS Storm Survey,99
1,0,30.47,-91.1,1.19,thunderstorm wind,2023-07-31T15:30:00,2023-07-31T15:30:00,0,Broadcast Media,100
0,1,36.92,-88.52,0,thunderstorm wind,2023-07-29T17:59:00,2023-07-29T17:59:00,5000,Broadcast Media,101
0,1,38.6022,-77.3353,2.08,thunderstorm wind,2023-07-29T16:15:00,2023-07-29T16:25:00,250000,Emergency Manager,102
2,0,38.9174,-77.0898,2.15,thunderstorm wind,2023-07-29T15:30:00,2023-07-29T16:00:00,20000000,Emergency Manager,103
1,0,39.0874,-78.0726,0.64,thunderstorm wind,2023-07-28T15:26:00,2023-07-28T15:26:00,75000,911 Call Center,104
1,0,41.14,-80.05,2.59,thunderstorm wind,2023-07-20T19:22:00,2023-07-20T19:22:00,5000,911 Call Center,105
1,0,32.5613,-93.9777,0.79,thunderstorm wind,2023-07-16T13:13:00,2023-07-16T13:13:00,0,Broadcast Media,106
1,0,40.6786,-78.0472,0.9,thunderstorm wind,2023-07-14T14:10:00,2023-07-14T14:10:00,20000,911 Call Center,107
1,0,38.95,-95.24,1.48,thunderstorm wind,2023-07-14T14:10:00,2023-07-14T14:11:00,0,Emergency Manager,108
2,0,35.57,-87.08,2.07,thunderstorm wind,2023-07-08T15:48:00,2023-07-08T15:48:00,15000,Emergency Manager,109
2,0,36.11,-81.81,3.05,thunderstorm wind,2023-07-02T17:58:00,2023-07-02T17:58:00,0,911 Call Center,110
0,1,35.1871,-87.1912,3.2,thunderstorm wind,2023-07-02T16:30:00,2023-07-02T16:30:00,1000,Emergency Manager,111
3,0,39.62,-84.96,1.74,thunderstorm wind,2023-07-02T16:30:00,2023-07-02T16:32:00,10000,Emergency Manager,112
1,0,39.3,-85.97,1.07,thunderstorm wind,2023-07-02T15:36:00,2023-07-02T15:36:00,100000,Fire Department/Rescue,113
1,0,35.3,-85.15,1.78,thunderstorm wind,2023-07-01T15:30:00,2023-07-01T15:30:00,0,911 Call Center,114
1,0,38.61,-84.71,1.48,thunderstorm wind,2023-07-01T00:46:00,2023-07-01T00:48:00,10000,Emergency Manager,115
2,0,38.79,-84.89,0.88,thunderstorm wind,2023-07-01T00:23:00,2023-07-01T00:25:00,20000,Emergency Manager,116
1,0,39.3292,-101.97,3.21,thunderstorm wind,2023-06-30T14:18:00,2023-06-30T14:18:00,0,911 Call Center,117
2,0,38.5533,-85.8264,3.45,thunderstorm wind,2023-06-29T15:46:00,2023-06-29T15:46:00,0,Emergency Manager,118
1,0,39.47,-85.48,1.48,thunderstorm wind,2023-06-29T15:32:00,2023-06-29T15:32:00,50000,Emergency Manager,119
0,1,35.7108,-86.912,0.87,thunderstorm wind,2023-06-29T13:00:00,2023-06-29T13:00:00,1000,Broadcast Media,120
1,2,34.79,-91.75,0.69,thunderstorm wind,2023-06-25T17:30:00,2023-06-25T17:30:00,0,Emergency Manager,121
1,0,46.01,-100.8,6.39,thunderstorm wind,2023-06-21T20:18:00,2023-06-21T20:24:00,250000,NWS Storm Survey,122
0,1,34.14,-94.7,4.49,thunderstorm wind,2023-06-17T23:32:00,2023-06-17T23:32:00,0,Law Enforcement,123
1,0,33.84,-95.59,0.9,thunderstorm wind,2023-06-17T23:15:00,2023-06-17T23:15:00,3000,Emergency Manager,124
3,1,36.08,-96.58,0,thunderstorm wind,2023-06-17T22:44:00,2023-06-17T22:44:00,50000,Emergency Manager,125
1,0,32.58,-93.89,0.58,thunderstorm wind,2023-06-16T00:22:00,2023-06-16T00:22:00,0,Law Enforcement,126
1,0,33.23,-94.25,3.87,thunderstorm wind,2023-06-14T11:41:00,2023-06-14T11:41:00,0,Broadcast Media,127
4,0,31.14,-97.71,1.37,thunderstorm wind,2023-06-10T18:36:00,2023-06-10T18:36:00,10000,ASOS,128
7,2,30.3,-95.42,1.38,thunderstorm wind,2023-05-23T14:34:00,2023-05-23T14:34:00,0,Broadcast Media,129
1,0,35.417,-81.409,2.63,thunderstorm wind,2023-05-16T17:35:00,2023-05-16T17:43:00,25000,Emergency Manager,130
1,0,35.367,-81.343,2.27,thunderstorm wind,2023-05-16T17:35:00,2023-05-16T17:43:00,25000,Emergency Manager,131
0,1,37.22,-82.26,0.55,thunderstorm wind,2023-05-16T16:40:00,2023-05-16T16:40:00,0,Public,132
1,0,33.95,-83.37,0.57,thunderstorm wind,2023-05-09T16:08:00,2023-05-09T16:10:00,0,Emergency Manager,133
1,1,30.05,-95.42,1.51,thunderstorm wind,2023-05-08T17:23:00,2023-05-08T17:23:00,0,Law Enforcement,134
1,0,30.58,-91.02,1.19,thunderstorm wind,2023-05-06T06:44:00,2023-05-06T06:44:00,6500,Fire Department/Rescue,135
0,2,32.0611,-95.522,1.5,thunderstorm wind,2023-05-04T22:45:00,2023-05-04T22:45:00,500000,Emergency Manager,136
0,2,32.0455,-95.4947,0.44,thunderstorm wind,2023-05-04T22:45:00,2023-05-04T22:45:00,500000,Emergency Manager,137
1,0,36.26,-80.86,0.89,thunderstorm wind,2023-04-28T15:41:00,2023-04-28T15:52:00,250000,NWS Storm Survey,138
1,0,36.27,-80.78,0.69,thunderstorm wind,2023-04-28T15:41:00,2023-04-28T15:52:00,250000,NWS Storm Survey,139
1,0,32.1314,-95.0364,2.31,thunderstorm wind,2023-04-26T15:39:00,2023-04-26T15:39:00,0,Law Enforcement,140
1,0,34.42,-79.37,0,thunderstorm wind,2023-04-22T16:10:00,2023-04-22T16:10:00,0,911 Call Center,141
0,1,39.9204,-76.2154,0.82,thunderstorm wind,2023-04-22T14:45:00,2023-04-22T14:45:00,0,Emergency Manager,142
2,0,30.25,-87.6368,1,thunderstorm wind,2023-04-13T04:34:00,2023-04-13T04:36:00,0,Emergency Manager,143
1,0,37.65,-85.7,1.38,thunderstorm wind,2023-04-05T16:20:00,2023-04-05T16:20:00,0,Emergency Manager,144
1,0,40.41,-79.02,0.87,thunderstorm wind,2023-04-01T14:25:00,2023-04-01T14:25:00,0,911 Call Center,145
1,0,36.85,-87.48,0,thunderstorm wind,2023-03-31T21:49:00,2023-03-31T21:54:00,500000,NWS Storm Survey,146
1,0,36.0504,-86.6918,1.82,thunderstorm wind,2023-03-24T21:51:00,2023-03-24T21:51:00,20000,Emergency Manager,147
1,0,34.27,-81.63,0.69,thunderstorm wind,2023-03-03T20:35:00,2023-03-03T20:35:00,0,911 Call Center,148
1,0,36.57,-88.57,0,thunderstorm wind,2023-03-03T11:10:00,2023-03-03T11:10:00,10000,Broadcast Media,149
1,0,40.8725,-77.2453,1.82,thunderstorm wind,2023-02-21T13:30:00,2023-02-21T13:30:00,10000,Fire Department/Rescue,150
1,0,35.261,-81.719,2.33,thunderstorm wind,2023-01-12T17:35:00,2023-01-12T17:45:00,1000,911 Call Center,151
1,0,35.295,-81.47,2.48,thunderstorm wind,2023-01-12T17:35:00,2023-01-12T17:45:00,1000,911 Call Center,152
1,0,35.9625,-83.1867,0.64,thunderstorm wind,2023-01-12T13:30:00,2023-01-12T13:30:00,0,Newspaper,153
1,0,32.1086,-96.3208,0.95,thunderstorm wind,2022-10-24T21:05:00,2022-10-24T21:05:00,1000,Emergency Manager,154
1,0,18.1835,-66.3064,1.45,thunderstorm wind,2022-10-17T17:20:00,2022-10-17T18:00:00,30000,Emergency Manager,155
0,1,35.9802,-86.9312,0.07,thunderstorm wind,2022-10-12T15:10:00,2022-10-12T15:10:00,10000,Emergency Manager,156
0,1,36.51,-82.53,1.31,thunderstorm wind,2022-09-25T17:40:00,2022-09-25T17:40:00,0,Public,157
0,1,34.4946,-114.3826,2.16,thunderstorm wind,2022-09-04T16:25:00,2022-09-04T16:40:00,0,Broadcast Media,158
0,1,34.4899,-114.4038,1.16,thunderstorm wind,2022-09-04T16:25:00,2022-09-04T16:40:00,0,Broadcast Media,159
0,1,35.4942,-114.6812,1.13,thunderstorm wind,2022-09-02T13:00:00,2022-09-02T13:15:00,0,Broadcast Media,160
1,1,28.5475,-81.3384,0.54,thunderstorm wind,2022-09-01T15:55:00,2022-09-01T15:55:00,0,ASOS,161
0,1,32.43,-100.56,1.75,thunderstorm wind,2022-08-29T15:30:00,2022-08-29T15:30:00,0,Law Enforcement,162
2,0,41.16,-85.87,2.14,thunderstorm wind,2022-08-29T15:05:00,2022-08-29T15:06:00,20000,State Official,163
1,0,40.92,-86.28,2.14,thunderstorm wind,2022-08-29T14:53:00,2022-08-29T14:54:00,20000,Law Enforcement,164
1,0,42.11,-79.24,0.86,thunderstorm wind,2022-08-29T13:45:00,2022-08-29T13:45:00,5000,Broadcast Media,165
2,0,43.5,-72.98,1.38,thunderstorm wind,2022-08-26T19:08:00,2022-08-26T19:08:00,500000,Emergency Manager,166
0,1,7.4136,151.8484,6.94,thunderstorm wind,2022-08-15T13:45:00,2022-08-15T14:15:00,0,NWS Employee,167
0,1,7.3606,151.8589,10.03,thunderstorm wind,2022-08-15T13:45:00,2022-08-15T14:15:00,0,NWS Employee,168
1,1,37.26,-76.72,0.69,thunderstorm wind,2022-08-10T14:50:00,2022-08-10T14:50:00,5000,Broadcast Media,169
3,2,34.63,-83.71,2.27,thunderstorm wind,2022-08-09T14:15:00,2022-08-09T14:17:00,0,Emergency Manager,170
1,0,32.5052,-94.6745,1.53,thunderstorm wind,2022-08-05T14:08:00,2022-08-05T14:08:00,0,NWS Storm Survey,171
0,1,43.018,-83.235,3.39,thunderstorm wind,2022-08-03T15:36:00,2022-08-03T15:36:00,0,Emergency Manager,172
0,1,41.96,-86.16,2.81,thunderstorm wind,2022-08-03T15:29:00,2022-08-03T15:30:00,0,Law Enforcement,173
2,0,37.05,-87.48,0,thunderstorm wind,2022-08-02T00:15:00,2022-08-02T00:15:00,50000,Fire Department/Rescue,174
1,0,41.77,-76.45,0.69,thunderstorm wind,2022-07-24T16:14:00,2022-07-24T16:14:00,1000,State Official,175
0,1,41.3855,-79.8512,1,thunderstorm wind,2022-07-24T12:21:00,2022-07-24T12:21:00,10000,State Official,176
2,0,43.66,-91.22,0.69,thunderstorm wind,2022-07-23T14:22:00,2022-07-23T14:22:00,175000,Law Enforcement,177
3,2,33.518,-86.848,0.84,thunderstorm wind,2022-07-21T16:22:00,2022-07-21T16:23:00,0,Emergency Manager,178
0,1,43.84,-70.62,0.69,thunderstorm wind,2022-07-21T15:11:00,2022-07-21T15:16:00,300000,NWS Storm Survey,179
0,1,43.832,-70.6066,0.69,thunderstorm wind,2022-07-21T15:11:00,2022-07-21T15:16:00,300000,NWS Storm Survey,180
0,1,39.62,-106.05,0,thunderstorm wind,2022-07-16T13:00:00,2022-07-16T13:00:00,0,Broadcast Media,181
1,0,29.1503,-82.219,1.36,thunderstorm wind,2022-07-15T18:30:00,2022-07-15T18:30:00,2000,Emergency Manager,182
6,1,45.75,-107.67,3.65,thunderstorm wind,2022-07-15T15:30:00,2022-07-15T15:30:00,0,Law Enforcement,183
2,0,32.27,-95.11,3.5,thunderstorm wind,2022-07-14T07:22:00,2022-07-14T07:22:00,0,Broadcast Media,184
1,0,32.4919,-90.9832,2.18,thunderstorm wind,2022-07-13T17:36:00,2022-07-13T17:36:00,15000,Social Media,185
1,1,38.86,-75.84,1.75,thunderstorm wind,2022-07-12T18:29:00,2022-07-12T18:29:00,0,Broadcast Media,186
0,1,42.33,-73.29,2.04,thunderstorm wind,2022-07-12T15:57:00,2022-07-12T15:57:00,0,Newspaper,187
1,0,43.1696,-73.588,0.4,thunderstorm wind,2022-07-12T14:07:00,2022-07-12T14:12:00,0,NWS Storm Survey,188
1,0,43.1582,-73.5719,0.91,thunderstorm wind,2022-07-12T14:07:00,2022-07-12T14:12:00,0,NWS Storm Survey,189
1,0,37.47,-88.97,0,thunderstorm wind,2022-07-08T21:12:00,2022-07-08T21:20:00,30000,Public,190
1,0,37.4393,-89.0087,3,thunderstorm wind,2022-07-08T21:12:00,2022-07-08T21:20:00,30000,Public,191
1,0,41.36,-83.1149,0.74,thunderstorm wind,2022-07-01T17:01:00,2022-07-01T17:01:00,20000,Trained Spotter,192
2,0,37.1145,-89.92,1,thunderstorm wind,2022-06-26T09:40:00,2022-06-26T09:55:00,30000,Emergency Manager,193
2,0,37.03,-89.83,0,thunderstorm wind,2022-06-26T09:40:00,2022-06-26T09:55:00,30000,Emergency Manager,194
0,1,36.0452,-78.4941,1.31,thunderstorm wind,2022-06-17T17:31:00,2022-06-17T17:31:00,1000,Emergency Manager,195
1,0,35.7398,-78.7798,1.81,thunderstorm wind,2022-06-17T17:28:00,2022-06-17T17:28:00,5000,Broadcast Media,196
1,0,34.15,-84.59,0.57,thunderstorm wind,2022-06-17T16:02:00,2022-06-17T16:04:00,0,Emergency Manager,197
1,0,37.06,-79.87,2.16,thunderstorm wind,2022-06-17T15:17:00,2022-06-17T15:17:00,500,Broadcast Media,198
0,1,35.552,-82.56,0.58,thunderstorm wind,2022-06-17T15:10:00,2022-06-17T15:10:00,5000,Broadcast Media,199
1,0,33.79,-84.8,1.34,thunderstorm wind,2022-06-16T22:05:00,2022-06-16T22:07:00,0,Law Enforcement,200
